time_local;id;event;fight_date;location;bout;weight_class;time_format;state;winner;method;det;round;last_round;time;fighter_r;bdy_val_r;bdy_tot_r;ctrl_r;hd_val_r;hd_tot_r;kd_r;lgs_val_r;lgs_tot_r;sigstr_val_r;sigstr_tot_r;subatt_r;td_val_r;td_tot_r;totstr_val_r;totstr_tot_r;ht_r;rch_r;sigstrkacc_r;sigstrklpm_r;stnce_r;subavg_r;tdacc_r;tdavg_r;wt_r;dob_r;fighter_b;bdy_val_b;bdy_tot_b;ctrl_b;hd_val_b;hd_tot_b;kd_b;lgs_val_b;lgs_tot_b;sigstr_val_b;sigstr_tot_b;subatt_b;td_val_b;td_tot_b;totstr_val_b;totstr_tot_b;ht_b;rch_b;sigstrkacc_b;sigstrklpm_b;stnce_b;subavg_b;tdacc_b;tdavg_b;wt_b;dob_b
08:39:15;401520450;UFC Fight Night: Lewis vs. Spivac;05/02/2023;Las Vegas, USA;Da Woon Jung vs. Devin Clark;Light Heavyweight;3 Rnd (5-5-5);in;B;U Dec;Walkouts;-;3;05:00;da_woon_jung;0;0;;0;0;0;0;0;0;0;0;0;0;0;0;;;;;;;;;;12/07/1993;devin_clark;0;0;;0;0;0;0;0;0;0;0;0;0;0;0;;;;;;;;;;04/12/1990
08:40:17;401520450;UFC Fight Night: Lewis vs. Spivac;05/02/2023;Las Vegas, USA;Da Woon Jung vs. Devin Clark;Light Heavyweight;3 Rnd (5-5-5);in;B;U Dec;R1, 4:55;1;3;05:00;da_woon_jung;0;0;00:00;0;0;0;0;0;0;0;0;0;0;0;0;;;;;;;;;;12/07/1993;devin_clark;0;0;00:00;0;0;0;0;0;0;0;0;0;0;0;0;;;;;;;;;;04/12/1990
08:40:22;401520450;UFC Fight Night: Lewis vs. Spivac;05/02/2023;Las Vegas, USA;Da Woon Jung vs. Devin Clark;Light Heavyweight;3 Rnd (5-5-5);in;B;U Dec;R1, 4:55;1;3;05:00;da_woon_jung;0;0;00:00;0;0;0;0;0;0;0;0;0;0;0;0;;;;;;;;;;12/07/1993;devin_clark;0;0;00:00;0;0;0;0;0;0;0;0;0;0;0;0;;;;;;;;;;04/12/1990
08:40:38;401520450;UFC Fight Night: Lewis vs. Spivac;05/02/2023;Las Vegas, USA;Da Woon Jung vs. Devin Clark;Light Heavyweight;3 Rnd (5-5-5);in;B;U Dec;R1, 4:55;1;3;05:00;da_woon_jung;0;0;00:00;0;0;0;0;0;0;0;0;0;0;0;0;;;;;;;;;;12/07/1993;devin_clark;0;0;00:00;0;0;0;0;0;0;0;0;0;0;0;0;;;;;;;;;;04/12/1990
08:40:43;401520450;UFC Fight Night: Lewis vs. Spivac;05/02/2023;Las Vegas, USA;Da Woon Jung vs. Devin Clark;Light Heavyweight;3 Rnd (5-5-5);in;B;U Dec;R1, 4:55;1;3;05:00;da_woon_jung;0;0;00:00;0;0;0;0;0;0;0;0;0;0;0;0;;;;;;;;;;12/07/1993;devin_clark;0;0;00:00;0;0;0;0;0;0;0;0;0;0;0;0;;;;;;;;;;04/12/1990
08:40:49;401520450;UFC Fight Night: Lewis vs. Spivac;05/02/2023;Las Vegas, USA;Da Woon Jung vs. Devin Clark;Light Heavyweight;3 Rnd (5-5-5);in;B;U Dec;R1, 4:26;1;3;05:00;da_woon_jung;0;0;00:00;0;0;0;0;0;0;0;0;0;0;0;0;;;;;;;;;;12/07/1993;devin_clark;0;0;00:31;1;1;0;4;4;5;5;0;0;0;7;7;;;;;;;;;;04/12/1990
08:40:54;401520450;UFC Fight Night: Lewis vs. Spivac;05/02/2023;Las Vegas, USA;Da Woon Jung vs. Devin Clark;Light Heavyweight;3 Rnd (5-5-5);in;B;U Dec;R1, 4:26;1;3;05:00;da_woon_jung;0;0;00:00;0;0;0;0;0;0;0;0;0;0;0;0;;;;;;;;;;12/07/1993;devin_clark;0;0;00:31;1;1;0;4;4;5;5;0;0;0;7;7;;;;;;;;;;04/12/1990
08:40:59;401520450;UFC Fight Night: Lewis vs. Spivac;05/02/2023;Las Vegas, USA;Da Woon Jung vs. Devin Clark;Light Heavyweight;3 Rnd (5-5-5);in;B;U Dec;R1, 4:26;1;3;05:00;da_woon_jung;0;0;00:00;0;0;0;0;0;0;0;0;0;0;0;0;;;;;;;;;;12/07/1993;devin_clark;0;0;00:31;1;1;0;4;4;5;5;0;0;0;7;7;;;;;;;;;;04/12/1990
08:41:04;401520450;UFC Fight Night: Lewis vs. Spivac;05/02/2023;Las Vegas, USA;Da Woon Jung vs. Devin Clark;Light Heavyweight;3 Rnd (5-5-5);in;B;U Dec;R1, 4:26;1;3;05:00;da_woon_jung;0;0;00:00;0;0;0;0;0;0;0;0;0;0;0;0;;;;;;;;;;12/07/1993;devin_clark;0;0;00:31;1;1;0;4;4;5;5;0;0;0;7;7;;;;;;;;;;04/12/1990
08:41:10;401520450;UFC Fight Night: Lewis vs. Spivac;05/02/2023;Las Vegas, USA;Da Woon Jung vs. Devin Clark;Light Heavyweight;3 Rnd (5-5-5);in;B;U Dec;R1, 4:26;1;3;05:00;da_woon_jung;0;0;00:00;0;0;0;0;0;0;0;0;0;0;0;0;;;;;;;;;;12/07/1993;devin_clark;0;0;00:31;1;1;0;4;4;5;5;0;0;0;7;7;;;;;;;;;;04/12/1990
08:41:15;401520450;UFC Fight Night: Lewis vs. Spivac;05/02/2023;Las Vegas, USA;Da Woon Jung vs. Devin Clark;Light Heavyweight;3 Rnd (5-5-5);in;B;U Dec;R1, 4:26;1;3;05:00;da_woon_jung;0;0;00:00;0;0;0;0;0;0;0;0;0;0;0;0;;;;;;;;;;12/07/1993;devin_clark;0;0;00:31;1;1;0;4;4;5;5;0;0;0;7;7;;;;;;;;;;04/12/1990
08:41:20;401520450;UFC Fight Night: Lewis vs. Spivac;05/02/2023;Las Vegas, USA;Da Woon Jung vs. Devin Clark;Light Heavyweight;3 Rnd (5-5-5);in;B;U Dec;R1, 3:42;1;3;05:00;da_woon_jung;0;0;00:00;0;0;0;0;0;0;0;0;0;0;1;2;;;;;;;;;;12/07/1993;devin_clark;0;0;01:04;1;1;0;4;4;5;5;0;0;0;11;12;;;;;;;;;;04/12/1990
08:41:26;401520450;UFC Fight Night: Lewis vs. Spivac;05/02/2023;Las Vegas, USA;Da Woon Jung vs. Devin Clark;Light Heavyweight;3 Rnd (5-5-5);in;B;U Dec;R1, 3:42;1;3;05:00;da_woon_jung;0;0;00:00;0;0;0;0;0;0;0;0;0;0;1;2;;;;;;;;;;12/07/1993;devin_clark;0;0;01:04;1;1;0;4;4;5;5;0;0;0;11;12;;;;;;;;;;04/12/1990
08:41:31;401520450;UFC Fight Night: Lewis vs. Spivac;05/02/2023;Las Vegas, USA;Da Woon Jung vs. Devin Clark;Light Heavyweight;3 Rnd (5-5-5);in;B;U Dec;R1, 3:42;1;3;05:00;da_woon_jung;0;0;00:00;0;0;0;0;0;0;0;0;0;0;1;2;;;;;;;;;;12/07/1993;devin_clark;0;0;01:04;1;1;0;4;4;5;5;0;0;0;11;12;;;;;;;;;;04/12/1990
08:41:37;401520450;UFC Fight Night: Lewis vs. Spivac;05/02/2023;Las Vegas, USA;Da Woon Jung vs. Devin Clark;Light Heavyweight;3 Rnd (5-5-5);in;B;U Dec;R1, 3:42;1;3;05:00;da_woon_jung;0;0;00:00;0;0;0;0;0;0;0;0;0;0;1;2;;;;;;;;;;12/07/1993;devin_clark;0;0;01:04;1;1;0;4;4;5;5;0;0;0;11;12;;;;;;;;;;04/12/1990
08:41:42;401520450;UFC Fight Night: Lewis vs. Spivac;05/02/2023;Las Vegas, USA;Da Woon Jung vs. Devin Clark;Light Heavyweight;3 Rnd (5-5-5);in;B;U Dec;R1, 3:42;1;3;05:00;da_woon_jung;0;0;00:00;0;0;0;0;0;0;0;0;0;0;1;2;;;;;;;;;;12/07/1993;devin_clark;0;0;01:04;1;1;0;4;4;5;5;0;0;0;11;12;;;;;;;;;;04/12/1990
08:41:48;401520450;UFC Fight Night: Lewis vs. Spivac;05/02/2023;Las Vegas, USA;Da Woon Jung vs. Devin Clark;Light Heavyweight;3 Rnd (5-5-5);in;B;U Dec;R1, 3:42;1;3;05:00;da_woon_jung;0;0;00:00;0;0;0;0;0;0;0;0;0;0;1;2;;;;;;;;;;12/07/1993;devin_clark;0;0;01:04;1;1;0;4;4;5;5;0;0;0;11;12;;;;;;;;;;04/12/1990
08:41:53;401520450;UFC Fight Night: Lewis vs. Spivac;05/02/2023;Las Vegas, USA;Da Woon Jung vs. Devin Clark;Light Heavyweight;3 Rnd (5-5-5);in;B;U Dec;R1, 3:42;1;3;05:00;da_woon_jung;0;0;00:00;0;0;0;0;0;0;0;0;0;0;1;2;;;;;;;;;;12/07/1993;devin_clark;0;0;01:04;1;1;0;4;4;5;5;0;0;0;11;12;;;;;;;;;;04/12/1990
08:41:58;401520450;UFC Fight Night: Lewis vs. Spivac;05/02/2023;Las Vegas, USA;Da Woon Jung vs. Devin Clark;Light Heavyweight;3 Rnd (5-5-5);in;B;U Dec;R1, 3:42;1;3;05:00;da_woon_jung;0;0;00:00;0;0;0;0;0;0;0;0;0;0;1;2;;;;;;;;;;12/07/1993;devin_clark;0;0;01:04;1;1;0;4;4;5;5;0;0;0;11;12;;;;;;;;;;04/12/1990
08:42:04;401520450;UFC Fight Night: Lewis vs. Spivac;05/02/2023;Las Vegas, USA;Da Woon Jung vs. Devin Clark;Light Heavyweight;3 Rnd (5-5-5);in;B;U Dec;R1, 3:03;1;3;05:00;da_woon_jung;0;0;00:37;1;1;0;0;0;1;1;0;0;2;2;3;;;;;;;;;;12/07/1993;devin_clark;0;0;01:07;1;1;0;4;4;5;5;0;0;0;11;12;;;;;;;;;;04/12/1990
08:42:09;401520450;UFC Fight Night: Lewis vs. Spivac;05/02/2023;Las Vegas, USA;Da Woon Jung vs. Devin Clark;Light Heavyweight;3 Rnd (5-5-5);in;B;U Dec;R1, 3:03;1;3;05:00;da_woon_jung;0;0;00:37;1;1;0;0;0;1;1;0;0;2;2;3;;;;;;;;;;12/07/1993;devin_clark;0;0;01:07;1;1;0;4;4;5;5;0;0;0;11;12;;;;;;;;;;04/12/1990
08:42:15;401520450;UFC Fight Night: Lewis vs. Spivac;05/02/2023;Las Vegas, USA;Da Woon Jung vs. Devin Clark;Light Heavyweight;3 Rnd (5-5-5);in;B;U Dec;R1, 3:03;1;3;05:00;da_woon_jung;0;0;00:37;1;1;0;0;0;1;1;0;0;2;2;3;;;;;;;;;;12/07/1993;devin_clark;0;0;01:07;1;1;0;4;4;5;5;0;0;0;11;12;;;;;;;;;;04/12/1990
08:42:20;401520450;UFC Fight Night: Lewis vs. Spivac;05/02/2023;Las Vegas, USA;Da Woon Jung vs. Devin Clark;Light Heavyweight;3 Rnd (5-5-5);in;B;U Dec;R1, 3:03;1;3;05:00;da_woon_jung;0;0;00:37;1;1;0;0;0;1;1;0;0;2;2;3;;;;;;;;;;12/07/1993;devin_clark;0;0;01:07;1;1;0;4;4;5;5;0;0;0;11;12;;;;;;;;;;04/12/1990
08:42:26;401520450;UFC Fight Night: Lewis vs. Spivac;05/02/2023;Las Vegas, USA;Da Woon Jung vs. Devin Clark;Light Heavyweight;3 Rnd (5-5-5);in;B;U Dec;R1, 3:03;1;3;05:00;da_woon_jung;0;0;00:37;1;1;0;0;0;1;1;0;0;2;2;3;;;;;;;;;;12/07/1993;devin_clark;0;0;01:07;1;1;0;4;4;5;5;0;0;0;11;12;;;;;;;;;;04/12/1990
08:42:31;401520450;UFC Fight Night: Lewis vs. Spivac;05/02/2023;Las Vegas, USA;Da Woon Jung vs. Devin Clark;Light Heavyweight;3 Rnd (5-5-5);in;B;U Dec;R1, 3:42;1;3;05:00;da_woon_jung;0;0;00:00;0;0;0;0;0;0;0;0;0;0;1;2;;;;;;;;;;12/07/1993;devin_clark;0;0;01:04;1;1;0;4;4;5;5;0;0;0;11;12;;;;;;;;;;04/12/1990
08:42:37;401520450;UFC Fight Night: Lewis vs. Spivac;05/02/2023;Las Vegas, USA;Da Woon Jung vs. Devin Clark;Light Heavyweight;3 Rnd (5-5-5);in;B;U Dec;R1, 2:34;1;3;05:00;da_woon_jung;0;0;01:10;1;1;0;0;0;1;1;0;0;2;2;3;;;;;;;;;;12/07/1993;devin_clark;0;0;01:07;1;1;0;4;4;5;5;0;0;0;11;12;;;;;;;;;;04/12/1990
08:42:42;401520450;UFC Fight Night: Lewis vs. Spivac;05/02/2023;Las Vegas, USA;Da Woon Jung vs. Devin Clark;Light Heavyweight;3 Rnd (5-5-5);in;B;U Dec;R1, 2:34;1;3;05:00;da_woon_jung;0;0;01:10;1;1;0;0;0;1;1;0;0;2;2;3;;;;;;;;;;12/07/1993;devin_clark;0;0;01:07;1;1;0;4;4;5;5;0;0;0;11;12;;;;;;;;;;04/12/1990
08:42:47;401520450;UFC Fight Night: Lewis vs. Spivac;05/02/2023;Las Vegas, USA;Da Woon Jung vs. Devin Clark;Light Heavyweight;3 Rnd (5-5-5);in;B;U Dec;R1, 2:34;1;3;05:00;da_woon_jung;0;0;01:10;1;1;0;0;0;1;1;0;0;2;2;3;;;;;;;;;;12/07/1993;devin_clark;0;0;01:07;1;1;0;4;4;5;5;0;0;0;11;12;;;;;;;;;;04/12/1990
08:42:53;401520450;UFC Fight Night: Lewis vs. Spivac;05/02/2023;Las Vegas, USA;Da Woon Jung vs. Devin Clark;Light Heavyweight;3 Rnd (5-5-5);in;B;U Dec;R1, 2:34;1;3;05:00;da_woon_jung;0;0;01:10;1;1;0;0;0;1;1;0;0;2;2;3;;;;;;;;;;12/07/1993;devin_clark;0;0;01:07;1;1;0;4;4;5;5;0;0;0;11;12;;;;;;;;;;04/12/1990
08:42:58;401520450;UFC Fight Night: Lewis vs. Spivac;05/02/2023;Las Vegas, USA;Da Woon Jung vs. Devin Clark;Light Heavyweight;3 Rnd (5-5-5);in;B;U Dec;R1, 2:34;1;3;05:00;da_woon_jung;0;0;01:10;1;1;0;0;0;1;1;0;0;2;2;3;;;;;;;;;;12/07/1993;devin_clark;0;0;01:07;1;1;0;4;4;5;5;0;0;0;11;12;;;;;;;;;;04/12/1990
08:43:04;401520450;UFC Fight Night: Lewis vs. Spivac;05/02/2023;Las Vegas, USA;Da Woon Jung vs. Devin Clark;Light Heavyweight;3 Rnd (5-5-5);in;B;U Dec;R1, 2:34;1;3;05:00;da_woon_jung;0;0;01:10;1;1;0;0;0;1;1;0;0;2;2;3;;;;;;;;;;12/07/1993;devin_clark;0;0;01:07;1;1;0;4;4;5;5;0;0;0;11;12;;;;;;;;;;04/12/1990
08:43:09;401520450;UFC Fight Night: Lewis vs. Spivac;05/02/2023;Las Vegas, USA;Da Woon Jung vs. Devin Clark;Light Heavyweight;3 Rnd (5-5-5);in;B;U Dec;R1, 2:01;1;3;05:00;da_woon_jung;0;0;01:45;1;1;0;0;0;1;1;0;0;3;2;3;;;;;;;;;;12/07/1993;devin_clark;0;0;01:07;1;1;0;4;4;5;5;0;0;0;11;12;;;;;;;;;;04/12/1990
08:43:14;401520450;UFC Fight Night: Lewis vs. Spivac;05/02/2023;Las Vegas, USA;Da Woon Jung vs. Devin Clark;Light Heavyweight;3 Rnd (5-5-5);in;B;U Dec;R1, 2:01;1;3;05:00;da_woon_jung;0;0;01:45;1;1;0;0;0;1;1;0;0;3;2;3;;;;;;;;;;12/07/1993;devin_clark;0;0;01:07;1;1;0;4;4;5;5;0;0;0;11;12;;;;;;;;;;04/12/1990
08:43:20;401520450;UFC Fight Night: Lewis vs. Spivac;05/02/2023;Las Vegas, USA;Da Woon Jung vs. Devin Clark;Light Heavyweight;3 Rnd (5-5-5);in;B;U Dec;R1, 2:01;1;3;05:00;da_woon_jung;0;0;01:45;1;1;0;0;0;1;1;0;0;3;2;3;;;;;;;;;;12/07/1993;devin_clark;0;0;01:07;1;1;0;4;4;5;5;0;0;0;11;12;;;;;;;;;;04/12/1990
08:43:25;401520450;UFC Fight Night: Lewis vs. Spivac;05/02/2023;Las Vegas, USA;Da Woon Jung vs. Devin Clark;Light Heavyweight;3 Rnd (5-5-5);in;B;U Dec;R1, 2:01;1;3;05:00;da_woon_jung;0;0;01:45;1;1;0;0;0;1;1;0;0;3;2;3;;;;;;;;;;12/07/1993;devin_clark;0;0;01:07;1;1;0;4;4;5;5;0;0;0;11;12;;;;;;;;;;04/12/1990
08:43:31;401520450;UFC Fight Night: Lewis vs. Spivac;05/02/2023;Las Vegas, USA;Da Woon Jung vs. Devin Clark;Light Heavyweight;3 Rnd (5-5-5);in;B;U Dec;R1, 2:01;1;3;05:00;da_woon_jung;0;0;01:45;1;1;0;0;0;1;1;0;0;3;2;3;;;;;;;;;;12/07/1993;devin_clark;0;0;01:07;1;1;0;4;4;5;5;0;0;0;11;12;;;;;;;;;;04/12/1990
08:43:36;401520450;UFC Fight Night: Lewis vs. Spivac;05/02/2023;Las Vegas, USA;Da Woon Jung vs. Devin Clark;Light Heavyweight;3 Rnd (5-5-5);in;B;U Dec;R1, 2:01;1;3;05:00;da_woon_jung;0;0;01:45;1;1;0;0;0;1;1;0;0;3;2;3;;;;;;;;;;12/07/1993;devin_clark;0;0;01:07;1;1;0;4;4;5;5;0;0;0;11;12;;;;;;;;;;04/12/1990
08:43:42;401520450;UFC Fight Night: Lewis vs. Spivac;05/02/2023;Las Vegas, USA;Da Woon Jung vs. Devin Clark;Light Heavyweight;3 Rnd (5-5-5);in;B;U Dec;R1, 2:01;1;3;05:00;da_woon_jung;0;0;01:45;1;1;0;0;0;1;1;0;0;3;2;3;;;;;;;;;;12/07/1993;devin_clark;0;0;01:07;1;1;0;4;4;5;5;0;0;0;11;12;;;;;;;;;;04/12/1990
08:43:47;401520450;UFC Fight Night: Lewis vs. Spivac;05/02/2023;Las Vegas, USA;Da Woon Jung vs. Devin Clark;Light Heavyweight;3 Rnd (5-5-5);in;B;U Dec;R1, 2:01;1;3;05:00;da_woon_jung;0;0;01:45;1;1;0;0;0;1;1;0;0;3;2;3;;;;;;;;;;12/07/1993;devin_clark;0;0;01:07;1;1;0;4;4;5;5;0;0;0;11;12;;;;;;;;;;04/12/1990
08:43:53;401520450;UFC Fight Night: Lewis vs. Spivac;05/02/2023;Las Vegas, USA;Da Woon Jung vs. Devin Clark;Light Heavyweight;3 Rnd (5-5-5);in;B;U Dec;R1, 2:01;1;3;05:00;da_woon_jung;0;0;01:45;1;1;0;0;0;1;1;0;0;3;2;3;;;;;;;;;;12/07/1993;devin_clark;0;0;01:07;1;1;0;4;4;5;5;0;0;0;11;12;;;;;;;;;;04/12/1990
08:43:58;401520450;UFC Fight Night: Lewis vs. Spivac;05/02/2023;Las Vegas, USA;Da Woon Jung vs. Devin Clark;Light Heavyweight;3 Rnd (5-5-5);in;B;U Dec;R1, 2:01;1;3;05:00;da_woon_jung;0;0;01:45;1;1;0;0;0;1;1;0;0;3;2;3;;;;;;;;;;12/07/1993;devin_clark;0;0;01:07;1;1;0;4;4;5;5;0;0;0;11;12;;;;;;;;;;04/12/1990
08:44:03;401520450;UFC Fight Night: Lewis vs. Spivac;05/02/2023;Las Vegas, USA;Da Woon Jung vs. Devin Clark;Light Heavyweight;3 Rnd (5-5-5);in;B;U Dec;R1, 1:17;1;3;05:00;da_woon_jung;0;0;01:53;5;9;0;0;0;5;9;0;0;3;9;14;;;;;;;;;;12/07/1993;devin_clark;1;1;01:13;4;6;0;5;5;10;12;0;1;1;17;20;;;;;;;;;;04/12/1990
08:44:09;401520450;UFC Fight Night: Lewis vs. Spivac;05/02/2023;Las Vegas, USA;Da Woon Jung vs. Devin Clark;Light Heavyweight;3 Rnd (5-5-5);in;B;U Dec;R1, 1:17;1;3;05:00;da_woon_jung;0;0;01:53;5;9;0;0;0;5;9;0;0;3;9;14;;;;;;;;;;12/07/1993;devin_clark;1;1;01:13;4;6;0;5;5;10;12;0;1;1;17;20;;;;;;;;;;04/12/1990
08:44:14;401520450;UFC Fight Night: Lewis vs. Spivac;05/02/2023;Las Vegas, USA;Da Woon Jung vs. Devin Clark;Light Heavyweight;3 Rnd (5-5-5);in;B;U Dec;R1, 1:17;1;3;05:00;da_woon_jung;0;0;01:53;5;9;0;0;0;5;9;0;0;3;9;14;;;;;;;;;;12/07/1993;devin_clark;1;1;01:13;4;6;0;5;5;10;12;0;1;1;17;20;;;;;;;;;;04/12/1990
08:44:19;401520450;UFC Fight Night: Lewis vs. Spivac;05/02/2023;Las Vegas, USA;Da Woon Jung vs. Devin Clark;Light Heavyweight;3 Rnd (5-5-5);in;B;U Dec;R1, 1:17;1;3;05:00;da_woon_jung;0;0;01:53;5;9;0;0;0;5;9;0;0;3;9;14;;;;;;;;;;12/07/1993;devin_clark;1;1;01:13;4;6;0;5;5;10;12;0;1;1;17;20;;;;;;;;;;04/12/1990
08:44:25;401520450;UFC Fight Night: Lewis vs. Spivac;05/02/2023;Las Vegas, USA;Da Woon Jung vs. Devin Clark;Light Heavyweight;3 Rnd (5-5-5);in;B;U Dec;R1, 1:17;1;3;05:00;da_woon_jung;0;0;01:53;5;9;0;0;0;5;9;0;0;3;9;14;;;;;;;;;;12/07/1993;devin_clark;1;1;01:13;4;6;0;5;5;10;12;0;1;1;17;20;;;;;;;;;;04/12/1990
08:44:30;401520450;UFC Fight Night: Lewis vs. Spivac;05/02/2023;Las Vegas, USA;Da Woon Jung vs. Devin Clark;Light Heavyweight;3 Rnd (5-5-5);in;B;U Dec;R1, 1:17;1;3;05:00;da_woon_jung;0;0;01:53;5;9;0;0;0;5;9;0;0;3;9;14;;;;;;;;;;12/07/1993;devin_clark;1;1;01:13;4;6;0;5;5;10;12;0;1;1;17;20;;;;;;;;;;04/12/1990
08:44:35;401520450;UFC Fight Night: Lewis vs. Spivac;05/02/2023;Las Vegas, USA;Da Woon Jung vs. Devin Clark;Light Heavyweight;3 Rnd (5-5-5);in;B;U Dec;R1, 0:50;1;3;05:00;da_woon_jung;0;0;01:53;7;12;0;0;0;7;12;0;0;3;13;19;;;;;;;;;;12/07/1993;devin_clark;1;1;01:36;5;7;0;6;7;12;15;0;1;1;21;25;;;;;;;;;;04/12/1990
08:44:40;401520450;UFC Fight Night: Lewis vs. Spivac;05/02/2023;Las Vegas, USA;Da Woon Jung vs. Devin Clark;Light Heavyweight;3 Rnd (5-5-5);in;B;U Dec;R1, 1:17;1;3;05:00;da_woon_jung;0;0;01:53;5;9;0;0;0;5;9;0;0;3;9;14;;;;;;;;;;12/07/1993;devin_clark;1;1;01:13;4;6;0;5;5;10;12;0;1;1;17;20;;;;;;;;;;04/12/1990
08:44:46;401520450;UFC Fight Night: Lewis vs. Spivac;05/02/2023;Las Vegas, USA;Da Woon Jung vs. Devin Clark;Light Heavyweight;3 Rnd (5-5-5);in;B;U Dec;R1, 1:17;1;3;05:00;da_woon_jung;0;0;01:53;5;9;0;0;0;5;9;0;0;3;9;14;;;;;;;;;;12/07/1993;devin_clark;1;1;01:13;4;6;0;5;5;10;12;0;1;1;17;20;;;;;;;;;;04/12/1990
08:44:51;401520450;UFC Fight Night: Lewis vs. Spivac;05/02/2023;Las Vegas, USA;Da Woon Jung vs. Devin Clark;Light Heavyweight;3 Rnd (5-5-5);in;B;U Dec;R1, 0:15;1;3;05:00;da_woon_jung;0;0;02:06;7;12;0;0;0;7;12;0;0;4;13;19;;;;;;;;;;12/07/1993;devin_clark;1;1;01:53;6;11;0;6;7;13;19;0;1;2;27;36;;;;;;;;;;04/12/1990
08:44:56;401520450;UFC Fight Night: Lewis vs. Spivac;05/02/2023;Las Vegas, USA;Da Woon Jung vs. Devin Clark;Light Heavyweight;3 Rnd (5-5-5);in;B;U Dec;R1, 0:15;1;3;05:00;da_woon_jung;0;0;02:06;7;12;0;0;0;7;12;0;0;4;13;19;;;;;;;;;;12/07/1993;devin_clark;1;1;01:53;6;11;0;6;7;13;19;0;1;2;27;36;;;;;;;;;;04/12/1990
08:45:02;401520450;UFC Fight Night: Lewis vs. Spivac;05/02/2023;Las Vegas, USA;Da Woon Jung vs. Devin Clark;Light Heavyweight;3 Rnd (5-5-5);in;B;U Dec;R1, 0:15;1;3;05:00;da_woon_jung;0;0;02:06;7;12;0;0;0;7;12;0;0;4;13;19;;;;;;;;;;12/07/1993;devin_clark;1;1;01:53;6;11;0;6;7;13;19;0;1;2;27;36;;;;;;;;;;04/12/1990
08:45:07;401520450;UFC Fight Night: Lewis vs. Spivac;05/02/2023;Las Vegas, USA;Da Woon Jung vs. Devin Clark;Light Heavyweight;3 Rnd (5-5-5);in;B;U Dec;R1, 0:15;1;3;05:00;da_woon_jung;0;0;02:06;7;12;0;0;0;7;12;0;0;4;13;19;;;;;;;;;;12/07/1993;devin_clark;1;1;01:53;6;11;0;6;7;13;19;0;1;2;27;36;;;;;;;;;;04/12/1990
08:45:13;401520450;UFC Fight Night: Lewis vs. Spivac;05/02/2023;Las Vegas, USA;Da Woon Jung vs. Devin Clark;Light Heavyweight;3 Rnd (5-5-5);in;B;U Dec;R1, 0:15;1;3;05:00;da_woon_jung;0;0;02:06;7;12;0;0;0;7;12;0;0;4;13;19;;;;;;;;;;12/07/1993;devin_clark;1;1;01:53;6;11;0;6;7;13;19;0;1;2;27;36;;;;;;;;;;04/12/1990
08:45:18;401520450;UFC Fight Night: Lewis vs. Spivac;05/02/2023;Las Vegas, USA;Da Woon Jung vs. Devin Clark;Light Heavyweight;3 Rnd (5-5-5);in;B;U Dec;R1, 0:15;1;3;05:00;da_woon_jung;0;0;02:06;7;12;0;0;0;7;12;0;0;4;13;19;;;;;;;;;;12/07/1993;devin_clark;1;1;01:53;6;11;0;6;7;13;19;0;1;2;27;36;;;;;;;;;;04/12/1990
08:45:23;401520450;UFC Fight Night: Lewis vs. Spivac;05/02/2023;Las Vegas, USA;Da Woon Jung vs. Devin Clark;Light Heavyweight;3 Rnd (5-5-5);in;B;U Dec;R1, 0:15;1;3;05:00;da_woon_jung;0;0;02:06;7;12;0;0;0;7;12;0;0;4;13;19;;;;;;;;;;12/07/1993;devin_clark;1;1;01:53;6;11;0;6;7;13;19;0;1;2;27;36;;;;;;;;;;04/12/1990
08:45:29;401520450;UFC Fight Night: Lewis vs. Spivac;05/02/2023;Las Vegas, USA;Da Woon Jung vs. Devin Clark;Light Heavyweight;3 Rnd (5-5-5);in;B;U Dec;R1, 0:15;1;3;05:00;da_woon_jung;0;0;02:06;7;12;0;0;0;7;12;0;0;4;13;19;;;;;;;;;;12/07/1993;devin_clark;1;1;01:53;6;11;0;6;7;13;19;0;1;2;27;36;;;;;;;;;;04/12/1990
08:45:34;401520450;UFC Fight Night: Lewis vs. Spivac;05/02/2023;Las Vegas, USA;Da Woon Jung vs. Devin Clark;Light Heavyweight;3 Rnd (5-5-5);in;B;U Dec;R1, 0:15;1;3;05:00;da_woon_jung;0;0;02:06;7;12;0;0;0;7;12;0;0;4;13;19;;;;;;;;;;12/07/1993;devin_clark;1;1;01:53;6;11;0;6;7;13;19;0;1;2;27;36;;;;;;;;;;04/12/1990
08:45:39;401520450;UFC Fight Night: Lewis vs. Spivac;05/02/2023;Las Vegas, USA;Da Woon Jung vs. Devin Clark;Light Heavyweight;3 Rnd (5-5-5);in;B;U Dec;R1, 0:15;1;3;05:00;da_woon_jung;0;0;02:06;7;12;0;0;0;7;12;0;0;4;13;19;;;;;;;;;;12/07/1993;devin_clark;1;1;01:53;6;11;0;6;7;13;19;0;1;2;27;36;;;;;;;;;;04/12/1990
08:45:45;401520450;UFC Fight Night: Lewis vs. Spivac;05/02/2023;Las Vegas, USA;Da Woon Jung vs. Devin Clark;Light Heavyweight;3 Rnd (5-5-5);in;B;U Dec;End R1;1;3;05:00;da_woon_jung;0;0;02:06;7;12;0;0;0;7;12;0;0;4;13;19;;;;;;;;;;12/07/1993;devin_clark;1;1;02:09;8;13;0;6;7;15;21;0;1;2;41;50;;;;;;;;;;04/12/1990
08:45:51;401520450;UFC Fight Night: Lewis vs. Spivac;05/02/2023;Las Vegas, USA;Da Woon Jung vs. Devin Clark;Light Heavyweight;3 Rnd (5-5-5);in;B;U Dec;End R1;1;3;05:00;da_woon_jung;0;0;02:06;7;12;0;0;0;7;12;0;0;4;13;19;;;;;;;;;;12/07/1993;devin_clark;1;1;02:09;8;13;0;6;7;15;21;0;1;2;41;50;;;;;;;;;;04/12/1990
08:45:56;401520450;UFC Fight Night: Lewis vs. Spivac;05/02/2023;Las Vegas, USA;Da Woon Jung vs. Devin Clark;Light Heavyweight;3 Rnd (5-5-5);in;B;U Dec;End R1;1;3;05:00;da_woon_jung;0;0;02:06;7;12;0;0;0;7;12;0;0;4;13;19;;;;;;;;;;12/07/1993;devin_clark;1;1;02:09;8;13;0;6;7;15;21;0;1;2;41;50;;;;;;;;;;04/12/1990
08:46:01;401520450;UFC Fight Night: Lewis vs. Spivac;05/02/2023;Las Vegas, USA;Da Woon Jung vs. Devin Clark;Light Heavyweight;3 Rnd (5-5-5);in;B;U Dec;End R1;1;3;05:00;da_woon_jung;0;0;02:06;7;12;0;0;0;7;12;0;0;4;13;19;;;;;;;;;;12/07/1993;devin_clark;1;1;02:09;8;13;0;6;7;15;21;0;1;2;41;50;;;;;;;;;;04/12/1990
08:46:07;401520450;UFC Fight Night: Lewis vs. Spivac;05/02/2023;Las Vegas, USA;Da Woon Jung vs. Devin Clark;Light Heavyweight;3 Rnd (5-5-5);in;B;U Dec;R1, 0:15;1;3;05:00;da_woon_jung;0;0;02:06;7;12;0;0;0;7;12;0;0;4;13;19;;;;;;;;;;12/07/1993;devin_clark;1;1;01:53;6;11;0;6;7;13;19;0;1;2;27;36;;;;;;;;;;04/12/1990
08:46:12;401520450;UFC Fight Night: Lewis vs. Spivac;05/02/2023;Las Vegas, USA;Da Woon Jung vs. Devin Clark;Light Heavyweight;3 Rnd (5-5-5);in;B;U Dec;R1, 0:15;1;3;05:00;da_woon_jung;0;0;02:06;7;12;0;0;0;7;12;0;0;4;13;19;;;;;;;;;;12/07/1993;devin_clark;1;1;01:53;6;11;0;6;7;13;19;0;1;2;27;36;;;;;;;;;;04/12/1990
08:46:18;401520450;UFC Fight Night: Lewis vs. Spivac;05/02/2023;Las Vegas, USA;Da Woon Jung vs. Devin Clark;Light Heavyweight;3 Rnd (5-5-5);in;B;U Dec;R1, 0:15;1;3;05:00;da_woon_jung;0;0;02:06;7;12;0;0;0;7;12;0;0;4;13;19;;;;;;;;;;12/07/1993;devin_clark;1;1;01:53;6;11;0;6;7;13;19;0;1;2;27;36;;;;;;;;;;04/12/1990
08:46:23;401520450;UFC Fight Night: Lewis vs. Spivac;05/02/2023;Las Vegas, USA;Da Woon Jung vs. Devin Clark;Light Heavyweight;3 Rnd (5-5-5);in;B;U Dec;End R1;1;3;05:00;da_woon_jung;0;0;02:06;7;12;0;0;0;7;12;0;0;4;13;19;;;;;;;;;;12/07/1993;devin_clark;1;1;02:09;8;13;0;6;7;15;21;0;1;2;41;50;;;;;;;;;;04/12/1990
08:46:29;401520450;UFC Fight Night: Lewis vs. Spivac;05/02/2023;Las Vegas, USA;Da Woon Jung vs. Devin Clark;Light Heavyweight;3 Rnd (5-5-5);in;B;U Dec;End R1;1;3;05:00;da_woon_jung;0;0;02:06;7;12;0;0;0;7;12;0;0;4;13;19;;;;;;;;;;12/07/1993;devin_clark;1;1;02:09;8;13;0;6;7;15;21;0;1;2;41;50;;;;;;;;;;04/12/1990
08:46:34;401520450;UFC Fight Night: Lewis vs. Spivac;05/02/2023;Las Vegas, USA;Da Woon Jung vs. Devin Clark;Light Heavyweight;3 Rnd (5-5-5);in;B;U Dec;End R1;1;3;05:00;da_woon_jung;0;0;02:06;7;12;0;0;0;7;12;0;0;4;13;19;;;;;;;;;;12/07/1993;devin_clark;1;1;02:09;8;13;0;6;7;15;21;0;1;2;41;50;;;;;;;;;;04/12/1990
08:46:40;401520450;UFC Fight Night: Lewis vs. Spivac;05/02/2023;Las Vegas, USA;Da Woon Jung vs. Devin Clark;Light Heavyweight;3 Rnd (5-5-5);in;B;U Dec;End R1;1;3;05:00;da_woon_jung;0;0;02:06;7;12;0;0;0;7;12;0;0;4;13;19;;;;;;;;;;12/07/1993;devin_clark;1;1;02:09;8;13;0;6;7;15;21;0;1;2;41;50;;;;;;;;;;04/12/1990
08:46:45;401520450;UFC Fight Night: Lewis vs. Spivac;05/02/2023;Las Vegas, USA;Da Woon Jung vs. Devin Clark;Light Heavyweight;3 Rnd (5-5-5);in;B;U Dec;R2, 4:47;2;3;05:00;da_woon_jung;0;0;02:06;7;12;0;0;0;7;12;0;0;4;13;19;;;;;;;;;;12/07/1993;devin_clark;1;1;02:09;8;13;0;6;7;15;21;0;1;2;41;50;;;;;;;;;;04/12/1990
08:46:51;401520450;UFC Fight Night: Lewis vs. Spivac;05/02/2023;Las Vegas, USA;Da Woon Jung vs. Devin Clark;Light Heavyweight;3 Rnd (5-5-5);in;B;U Dec;R2, 4:47;2;3;05:00;da_woon_jung;0;0;02:06;7;12;0;0;0;7;12;0;0;4;13;19;;;;;;;;;;12/07/1993;devin_clark;1;1;02:09;8;13;0;6;7;15;21;0;1;2;41;50;;;;;;;;;;04/12/1990
08:46:56;401520450;UFC Fight Night: Lewis vs. Spivac;05/02/2023;Las Vegas, USA;Da Woon Jung vs. Devin Clark;Light Heavyweight;3 Rnd (5-5-5);in;B;U Dec;R2, 4:47;2;3;05:00;da_woon_jung;0;0;02:06;7;12;0;0;0;7;12;0;0;4;13;19;;;;;;;;;;12/07/1993;devin_clark;1;1;02:09;8;13;0;6;7;15;21;0;1;2;41;50;;;;;;;;;;04/12/1990
08:47:02;401520450;UFC Fight Night: Lewis vs. Spivac;05/02/2023;Las Vegas, USA;Da Woon Jung vs. Devin Clark;Light Heavyweight;3 Rnd (5-5-5);in;B;U Dec;R2, 4:47;2;3;05:00;da_woon_jung;0;0;02:06;7;12;0;0;0;7;12;0;0;4;13;19;;;;;;;;;;12/07/1993;devin_clark;1;1;02:09;8;13;0;6;7;15;21;0;1;2;41;50;;;;;;;;;;04/12/1990
08:47:07;401520450;UFC Fight Night: Lewis vs. Spivac;05/02/2023;Las Vegas, USA;Da Woon Jung vs. Devin Clark;Light Heavyweight;3 Rnd (5-5-5);in;B;U Dec;R2, 4:16;2;3;05:00;da_woon_jung;1;1;02:07;7;12;0;1;1;9;14;0;0;4;15;21;;;;;;;;;;12/07/1993;devin_clark;1;1;02:26;8;13;0;6;7;15;21;0;2;4;41;50;;;;;;;;;;04/12/1990
08:47:12;401520450;UFC Fight Night: Lewis vs. Spivac;05/02/2023;Las Vegas, USA;Da Woon Jung vs. Devin Clark;Light Heavyweight;3 Rnd (5-5-5);in;B;U Dec;R2, 4:16;2;3;05:00;da_woon_jung;1;1;02:07;7;12;0;1;1;9;14;0;0;4;15;21;;;;;;;;;;12/07/1993;devin_clark;1;1;02:26;8;13;0;6;7;15;21;0;2;4;41;50;;;;;;;;;;04/12/1990
08:47:18;401520450;UFC Fight Night: Lewis vs. Spivac;05/02/2023;Las Vegas, USA;Da Woon Jung vs. Devin Clark;Light Heavyweight;3 Rnd (5-5-5);in;B;U Dec;R2, 4:16;2;3;05:00;da_woon_jung;1;1;02:07;7;12;0;1;1;9;14;0;0;4;15;21;;;;;;;;;;12/07/1993;devin_clark;1;1;02:26;8;13;0;6;7;15;21;0;2;4;41;50;;;;;;;;;;04/12/1990
08:47:23;401520450;UFC Fight Night: Lewis vs. Spivac;05/02/2023;Las Vegas, USA;Da Woon Jung vs. Devin Clark;Light Heavyweight;3 Rnd (5-5-5);in;B;U Dec;R2, 4:16;2;3;05:00;da_woon_jung;1;1;02:07;7;12;0;1;1;9;14;0;0;4;15;21;;;;;;;;;;12/07/1993;devin_clark;1;1;02:26;8;13;0;6;7;15;21;0;2;4;41;50;;;;;;;;;;04/12/1990
08:47:29;401520450;UFC Fight Night: Lewis vs. Spivac;05/02/2023;Las Vegas, USA;Da Woon Jung vs. Devin Clark;Light Heavyweight;3 Rnd (5-5-5);in;B;U Dec;R2, 4:16;2;3;05:00;da_woon_jung;1;1;02:07;7;12;0;1;1;9;14;0;0;4;15;21;;;;;;;;;;12/07/1993;devin_clark;1;1;02:26;8;13;0;6;7;15;21;0;2;4;41;50;;;;;;;;;;04/12/1990
08:47:34;401520450;UFC Fight Night: Lewis vs. Spivac;05/02/2023;Las Vegas, USA;Da Woon Jung vs. Devin Clark;Light Heavyweight;3 Rnd (5-5-5);in;B;U Dec;R2, 4:16;2;3;05:00;da_woon_jung;1;1;02:07;7;12;0;1;1;9;14;0;0;4;15;21;;;;;;;;;;12/07/1993;devin_clark;1;1;02:26;8;13;0;6;7;15;21;0;2;4;41;50;;;;;;;;;;04/12/1990
08:47:40;401520450;UFC Fight Night: Lewis vs. Spivac;05/02/2023;Las Vegas, USA;Da Woon Jung vs. Devin Clark;Light Heavyweight;3 Rnd (5-5-5);in;B;U Dec;R2, 4:16;2;3;05:00;da_woon_jung;1;1;02:07;7;12;0;1;1;9;14;0;0;4;15;21;;;;;;;;;;12/07/1993;devin_clark;1;1;02:26;8;13;0;6;7;15;21;0;2;4;41;50;;;;;;;;;;04/12/1990
08:47:45;401520450;UFC Fight Night: Lewis vs. Spivac;05/02/2023;Las Vegas, USA;Da Woon Jung vs. Devin Clark;Light Heavyweight;3 Rnd (5-5-5);in;B;U Dec;R2, 4:16;2;3;05:00;da_woon_jung;1;1;02:07;7;12;0;1;1;9;14;0;0;4;15;21;;;;;;;;;;12/07/1993;devin_clark;1;1;02:26;8;13;0;6;7;15;21;0;2;4;41;50;;;;;;;;;;04/12/1990
08:47:51;401520450;UFC Fight Night: Lewis vs. Spivac;05/02/2023;Las Vegas, USA;Da Woon Jung vs. Devin Clark;Light Heavyweight;3 Rnd (5-5-5);in;B;U Dec;R2, 3:35;2;3;05:00;da_woon_jung;1;1;02:44;7;12;0;1;1;9;14;0;0;4;15;21;;;;;;;;;;12/07/1993;devin_clark;1;1;02:26;8;13;0;6;7;15;21;0;2;4;41;50;;;;;;;;;;04/12/1990
08:47:56;401520450;UFC Fight Night: Lewis vs. Spivac;05/02/2023;Las Vegas, USA;Da Woon Jung vs. Devin Clark;Light Heavyweight;3 Rnd (5-5-5);in;B;U Dec;R2, 3:35;2;3;05:00;da_woon_jung;1;1;02:44;7;12;0;1;1;9;14;0;0;4;15;21;;;;;;;;;;12/07/1993;devin_clark;1;1;02:26;8;13;0;6;7;15;21;0;2;4;41;50;;;;;;;;;;04/12/1990
08:48:01;401520450;UFC Fight Night: Lewis vs. Spivac;05/02/2023;Las Vegas, USA;Da Woon Jung vs. Devin Clark;Light Heavyweight;3 Rnd (5-5-5);in;B;U Dec;R2, 3:35;2;3;05:00;da_woon_jung;1;1;02:44;7;12;0;1;1;9;14;0;0;4;15;21;;;;;;;;;;12/07/1993;devin_clark;1;1;02:26;8;13;0;6;7;15;21;0;2;4;41;50;;;;;;;;;;04/12/1990
08:48:06;401520450;UFC Fight Night: Lewis vs. Spivac;05/02/2023;Las Vegas, USA;Da Woon Jung vs. Devin Clark;Light Heavyweight;3 Rnd (5-5-5);in;B;U Dec;R2, 3:35;2;3;05:00;da_woon_jung;1;1;02:44;7;12;0;1;1;9;14;0;0;4;15;21;;;;;;;;;;12/07/1993;devin_clark;1;1;02:26;8;13;0;6;7;15;21;0;2;4;41;50;;;;;;;;;;04/12/1990
08:48:12;401520450;UFC Fight Night: Lewis vs. Spivac;05/02/2023;Las Vegas, USA;Da Woon Jung vs. Devin Clark;Light Heavyweight;3 Rnd (5-5-5);in;B;U Dec;R2, 3:35;2;3;05:00;da_woon_jung;1;1;02:44;7;12;0;1;1;9;14;0;0;4;15;21;;;;;;;;;;12/07/1993;devin_clark;1;1;02:26;8;13;0;6;7;15;21;0;2;4;41;50;;;;;;;;;;04/12/1990
08:48:17;401520450;UFC Fight Night: Lewis vs. Spivac;05/02/2023;Las Vegas, USA;Da Woon Jung vs. Devin Clark;Light Heavyweight;3 Rnd (5-5-5);in;B;U Dec;R2, 3:35;2;3;05:00;da_woon_jung;1;1;02:44;7;12;0;1;1;9;14;0;0;4;15;21;;;;;;;;;;12/07/1993;devin_clark;1;1;02:26;8;13;0;6;7;15;21;0;2;4;41;50;;;;;;;;;;04/12/1990
08:48:22;401520450;UFC Fight Night: Lewis vs. Spivac;05/02/2023;Las Vegas, USA;Da Woon Jung vs. Devin Clark;Light Heavyweight;3 Rnd (5-5-5);in;B;U Dec;R2, 3:35;2;3;05:00;da_woon_jung;1;1;02:44;7;12;0;1;1;9;14;0;0;4;15;21;;;;;;;;;;12/07/1993;devin_clark;1;1;02:26;8;13;0;6;7;15;21;0;2;4;41;50;;;;;;;;;;04/12/1990
08:48:28;401520450;UFC Fight Night: Lewis vs. Spivac;05/02/2023;Las Vegas, USA;Da Woon Jung vs. Devin Clark;Light Heavyweight;3 Rnd (5-5-5);in;B;U Dec;R2, 3:35;2;3;05:00;da_woon_jung;1;1;02:44;7;12;0;1;1;9;14;0;0;4;15;21;;;;;;;;;;12/07/1993;devin_clark;1;1;02:26;8;13;0;6;7;15;21;0;2;4;41;50;;;;;;;;;;04/12/1990
08:48:33;401520450;UFC Fight Night: Lewis vs. Spivac;05/02/2023;Las Vegas, USA;Da Woon Jung vs. Devin Clark;Light Heavyweight;3 Rnd (5-5-5);in;B;U Dec;R2, 3:03;2;3;05:00;da_woon_jung;1;1;03:05;7;13;0;1;1;9;15;0;0;4;15;22;;;;;;;;;;12/07/1993;devin_clark;1;1;02:44;9;15;0;6;7;16;23;0;2;4;48;59;;;;;;;;;;04/12/1990
08:48:39;401520450;UFC Fight Night: Lewis vs. Spivac;05/02/2023;Las Vegas, USA;Da Woon Jung vs. Devin Clark;Light Heavyweight;3 Rnd (5-5-5);in;B;U Dec;R2, 3:03;2;3;05:00;da_woon_jung;1;1;03:05;7;13;0;1;1;9;15;0;0;4;15;22;;;;;;;;;;12/07/1993;devin_clark;1;1;02:44;9;15;0;6;7;16;23;0;2;4;48;59;;;;;;;;;;04/12/1990
08:48:44;401520450;UFC Fight Night: Lewis vs. Spivac;05/02/2023;Las Vegas, USA;Da Woon Jung vs. Devin Clark;Light Heavyweight;3 Rnd (5-5-5);in;B;U Dec;R2, 3:03;2;3;05:00;da_woon_jung;1;1;03:05;7;13;0;1;1;9;15;0;0;4;15;22;;;;;;;;;;12/07/1993;devin_clark;1;1;02:44;9;15;0;6;7;16;23;0;2;4;48;59;;;;;;;;;;04/12/1990
08:48:49;401520450;UFC Fight Night: Lewis vs. Spivac;05/02/2023;Las Vegas, USA;Da Woon Jung vs. Devin Clark;Light Heavyweight;3 Rnd (5-5-5);in;B;U Dec;R2, 3:03;2;3;05:00;da_woon_jung;1;1;03:05;7;13;0;1;1;9;15;0;0;4;15;22;;;;;;;;;;12/07/1993;devin_clark;1;1;02:44;9;15;0;6;7;16;23;0;2;4;48;59;;;;;;;;;;04/12/1990
08:48:55;401520450;UFC Fight Night: Lewis vs. Spivac;05/02/2023;Las Vegas, USA;Da Woon Jung vs. Devin Clark;Light Heavyweight;3 Rnd (5-5-5);in;B;U Dec;R2, 2:31;2;3;05:00;da_woon_jung;1;1;03:16;7;13;0;1;1;9;15;0;0;4;19;26;;;;;;;;;;12/07/1993;devin_clark;1;1;02:58;9;16;0;6;7;16;24;0;2;4;50;62;;;;;;;;;;04/12/1990
08:49:00;401520450;UFC Fight Night: Lewis vs. Spivac;05/02/2023;Las Vegas, USA;Da Woon Jung vs. Devin Clark;Light Heavyweight;3 Rnd (5-5-5);in;B;U Dec;R2, 2:31;2;3;05:00;da_woon_jung;1;1;03:16;7;13;0;1;1;9;15;0;0;4;19;26;;;;;;;;;;12/07/1993;devin_clark;1;1;02:58;9;16;0;6;7;16;24;0;2;4;50;62;;;;;;;;;;04/12/1990
08:49:06;401520450;UFC Fight Night: Lewis vs. Spivac;05/02/2023;Las Vegas, USA;Da Woon Jung vs. Devin Clark;Light Heavyweight;3 Rnd (5-5-5);in;B;U Dec;R2, 2:31;2;3;05:00;da_woon_jung;1;1;03:16;7;13;0;1;1;9;15;0;0;4;19;26;;;;;;;;;;12/07/1993;devin_clark;1;1;02:58;9;16;0;6;7;16;24;0;2;4;50;62;;;;;;;;;;04/12/1990
08:49:11;401520450;UFC Fight Night: Lewis vs. Spivac;05/02/2023;Las Vegas, USA;Da Woon Jung vs. Devin Clark;Light Heavyweight;3 Rnd (5-5-5);in;B;U Dec;R2, 1:59;2;3;05:00;da_woon_jung;1;1;03:16;8;15;0;1;1;10;17;0;0;4;22;30;;;;;;;;;;12/07/1993;devin_clark;1;1;03:01;12;21;0;8;9;21;31;0;2;4;55;69;;;;;;;;;;04/12/1990
08:49:16;401520450;UFC Fight Night: Lewis vs. Spivac;05/02/2023;Las Vegas, USA;Da Woon Jung vs. Devin Clark;Light Heavyweight;3 Rnd (5-5-5);in;B;U Dec;R2, 1:59;2;3;05:00;da_woon_jung;1;1;03:16;8;15;0;1;1;10;17;0;0;4;22;30;;;;;;;;;;12/07/1993;devin_clark;1;1;03:01;12;21;0;8;9;21;31;0;2;4;55;69;;;;;;;;;;04/12/1990
08:49:21;401520450;UFC Fight Night: Lewis vs. Spivac;05/02/2023;Las Vegas, USA;Da Woon Jung vs. Devin Clark;Light Heavyweight;3 Rnd (5-5-5);in;B;U Dec;R2, 1:59;2;3;05:00;da_woon_jung;1;1;03:16;8;15;0;1;1;10;17;0;0;4;22;30;;;;;;;;;;12/07/1993;devin_clark;1;1;03:01;12;21;0;8;9;21;31;0;2;4;55;69;;;;;;;;;;04/12/1990
08:49:27;401520450;UFC Fight Night: Lewis vs. Spivac;05/02/2023;Las Vegas, USA;Da Woon Jung vs. Devin Clark;Light Heavyweight;3 Rnd (5-5-5);in;B;U Dec;R2, 1:59;2;3;05:00;da_woon_jung;1;1;03:16;8;15;0;1;1;10;17;0;0;4;22;30;;;;;;;;;;12/07/1993;devin_clark;1;1;03:01;12;21;0;8;9;21;31;0;2;4;55;69;;;;;;;;;;04/12/1990
08:49:32;401520450;UFC Fight Night: Lewis vs. Spivac;05/02/2023;Las Vegas, USA;Da Woon Jung vs. Devin Clark;Light Heavyweight;3 Rnd (5-5-5);in;B;U Dec;R2, 1:59;2;3;05:00;da_woon_jung;1;1;03:16;8;15;0;1;1;10;17;0;0;4;22;30;;;;;;;;;;12/07/1993;devin_clark;1;1;03:01;12;21;0;8;9;21;31;0;2;4;55;69;;;;;;;;;;04/12/1990
08:49:38;401520450;UFC Fight Night: Lewis vs. Spivac;05/02/2023;Las Vegas, USA;Da Woon Jung vs. Devin Clark;Light Heavyweight;3 Rnd (5-5-5);in;B;U Dec;R2, 1:59;2;3;05:00;da_woon_jung;1;1;03:16;8;15;0;1;1;10;17;0;0;4;22;30;;;;;;;;;;12/07/1993;devin_clark;1;1;03:01;12;21;0;8;9;21;31;0;2;4;55;69;;;;;;;;;;04/12/1990
08:49:43;401520450;UFC Fight Night: Lewis vs. Spivac;05/02/2023;Las Vegas, USA;Da Woon Jung vs. Devin Clark;Light Heavyweight;3 Rnd (5-5-5);in;B;U Dec;R2, 1:59;2;3;05:00;da_woon_jung;1;1;03:16;8;15;0;1;1;10;17;0;0;4;22;30;;;;;;;;;;12/07/1993;devin_clark;1;1;03:01;12;21;0;8;9;21;31;0;2;4;55;69;;;;;;;;;;04/12/1990
08:49:48;401520450;UFC Fight Night: Lewis vs. Spivac;05/02/2023;Las Vegas, USA;Da Woon Jung vs. Devin Clark;Light Heavyweight;3 Rnd (5-5-5);in;B;U Dec;R2, 1:30;2;3;05:00;da_woon_jung;1;1;03:16;9;18;0;1;1;11;20;0;0;4;23;33;;;;;;;;;;12/07/1993;devin_clark;1;1;03:09;13;24;0;8;9;22;34;0;2;5;56;72;;;;;;;;;;04/12/1990
08:49:54;401520450;UFC Fight Night: Lewis vs. Spivac;05/02/2023;Las Vegas, USA;Da Woon Jung vs. Devin Clark;Light Heavyweight;3 Rnd (5-5-5);in;B;U Dec;R2, 1:30;2;3;05:00;da_woon_jung;1;1;03:16;9;18;0;1;1;11;20;0;0;4;23;33;;;;;;;;;;12/07/1993;devin_clark;1;1;03:09;13;24;0;8;9;22;34;0;2;5;56;72;;;;;;;;;;04/12/1990
08:49:59;401520450;UFC Fight Night: Lewis vs. Spivac;05/02/2023;Las Vegas, USA;Da Woon Jung vs. Devin Clark;Light Heavyweight;3 Rnd (5-5-5);in;B;U Dec;R2, 1:30;2;3;05:00;da_woon_jung;1;1;03:16;9;18;0;1;1;11;20;0;0;4;23;33;;;;;;;;;;12/07/1993;devin_clark;1;1;03:09;13;24;0;8;9;22;34;0;2;5;56;72;;;;;;;;;;04/12/1990
08:50:05;401520450;UFC Fight Night: Lewis vs. Spivac;05/02/2023;Las Vegas, USA;Da Woon Jung vs. Devin Clark;Light Heavyweight;3 Rnd (5-5-5);in;B;U Dec;R2, 1:30;2;3;05:00;da_woon_jung;1;1;03:16;9;18;0;1;1;11;20;0;0;4;23;33;;;;;;;;;;12/07/1993;devin_clark;1;1;03:09;13;24;0;8;9;22;34;0;2;5;56;72;;;;;;;;;;04/12/1990
08:50:10;401520450;UFC Fight Night: Lewis vs. Spivac;05/02/2023;Las Vegas, USA;Da Woon Jung vs. Devin Clark;Light Heavyweight;3 Rnd (5-5-5);in;B;U Dec;R2, 1:30;2;3;05:00;da_woon_jung;1;1;03:16;9;18;0;1;1;11;20;0;0;4;23;33;;;;;;;;;;12/07/1993;devin_clark;1;1;03:09;13;24;0;8;9;22;34;0;2;5;56;72;;;;;;;;;;04/12/1990
08:50:16;401520450;UFC Fight Night: Lewis vs. Spivac;05/02/2023;Las Vegas, USA;Da Woon Jung vs. Devin Clark;Light Heavyweight;3 Rnd (5-5-5);in;B;U Dec;R2, 1:30;2;3;05:00;da_woon_jung;1;1;03:16;9;18;0;1;1;11;20;0;0;4;23;33;;;;;;;;;;12/07/1993;devin_clark;1;1;03:09;13;24;0;8;9;22;34;0;2;5;56;72;;;;;;;;;;04/12/1990
08:50:21;401520450;UFC Fight Night: Lewis vs. Spivac;05/02/2023;Las Vegas, USA;Da Woon Jung vs. Devin Clark;Light Heavyweight;3 Rnd (5-5-5);in;B;U Dec;R2, 1:30;2;3;05:00;da_woon_jung;1;1;03:16;9;18;0;1;1;11;20;0;0;4;23;33;;;;;;;;;;12/07/1993;devin_clark;1;1;03:09;13;24;0;8;9;22;34;0;2;5;56;72;;;;;;;;;;04/12/1990
08:50:26;401520450;UFC Fight Night: Lewis vs. Spivac;05/02/2023;Las Vegas, USA;Da Woon Jung vs. Devin Clark;Light Heavyweight;3 Rnd (5-5-5);in;B;U Dec;R2, 1:30;2;3;05:00;da_woon_jung;1;1;03:16;9;18;0;1;1;11;20;0;0;4;23;33;;;;;;;;;;12/07/1993;devin_clark;1;1;03:09;13;24;0;8;9;22;34;0;2;5;56;72;;;;;;;;;;04/12/1990
08:50:32;401520450;UFC Fight Night: Lewis vs. Spivac;05/02/2023;Las Vegas, USA;Da Woon Jung vs. Devin Clark;Light Heavyweight;3 Rnd (5-5-5);in;B;U Dec;R2, 0:59;2;3;05:00;da_woon_jung;3;3;03:27;9;18;0;1;1;13;22;0;0;4;28;38;;;;;;;;;;12/07/1993;devin_clark;1;1;03:37;13;24;0;8;9;22;34;0;2;5;59;75;;;;;;;;;;04/12/1990
08:50:37;401520450;UFC Fight Night: Lewis vs. Spivac;05/02/2023;Las Vegas, USA;Da Woon Jung vs. Devin Clark;Light Heavyweight;3 Rnd (5-5-5);in;B;U Dec;R2, 0:59;2;3;05:00;da_woon_jung;3;3;03:27;9;18;0;1;1;13;22;0;0;4;28;38;;;;;;;;;;12/07/1993;devin_clark;1;1;03:37;13;24;0;8;9;22;34;0;2;5;59;75;;;;;;;;;;04/12/1990
08:50:43;401520450;UFC Fight Night: Lewis vs. Spivac;05/02/2023;Las Vegas, USA;Da Woon Jung vs. Devin Clark;Light Heavyweight;3 Rnd (5-5-5);in;B;U Dec;R2, 0:59;2;3;05:00;da_woon_jung;3;3;03:27;9;18;0;1;1;13;22;0;0;4;28;38;;;;;;;;;;12/07/1993;devin_clark;1;1;03:37;13;24;0;8;9;22;34;0;2;5;59;75;;;;;;;;;;04/12/1990
08:50:49;401520450;UFC Fight Night: Lewis vs. Spivac;05/02/2023;Las Vegas, USA;Da Woon Jung vs. Devin Clark;Light Heavyweight;3 Rnd (5-5-5);in;B;U Dec;R2, 0:59;2;3;05:00;da_woon_jung;3;3;03:27;9;18;0;1;1;13;22;0;0;4;28;38;;;;;;;;;;12/07/1993;devin_clark;1;1;03:37;13;24;0;8;9;22;34;0;2;5;59;75;;;;;;;;;;04/12/1990
08:50:54;401520450;UFC Fight Night: Lewis vs. Spivac;05/02/2023;Las Vegas, USA;Da Woon Jung vs. Devin Clark;Light Heavyweight;3 Rnd (5-5-5);in;B;U Dec;R2, 0:17;2;3;05:00;da_woon_jung;4;4;04:09;10;19;0;1;1;15;24;0;0;4;32;42;;;;;;;;;;12/07/1993;devin_clark;1;1;03:37;14;25;0;8;9;23;35;0;2;5;64;80;;;;;;;;;;04/12/1990
08:50:59;401520450;UFC Fight Night: Lewis vs. Spivac;05/02/2023;Las Vegas, USA;Da Woon Jung vs. Devin Clark;Light Heavyweight;3 Rnd (5-5-5);in;B;U Dec;R2, 0:59;2;3;05:00;da_woon_jung;3;3;03:27;9;18;0;1;1;13;22;0;0;4;28;38;;;;;;;;;;12/07/1993;devin_clark;1;1;03:37;13;24;0;8;9;22;34;0;2;5;59;75;;;;;;;;;;04/12/1990
08:51:05;401520450;UFC Fight Night: Lewis vs. Spivac;05/02/2023;Las Vegas, USA;Da Woon Jung vs. Devin Clark;Light Heavyweight;3 Rnd (5-5-5);in;B;U Dec;R2, 0:59;2;3;05:00;da_woon_jung;3;3;03:27;9;18;0;1;1;13;22;0;0;4;28;38;;;;;;;;;;12/07/1993;devin_clark;1;1;03:37;13;24;0;8;9;22;34;0;2;5;59;75;;;;;;;;;;04/12/1990
08:51:10;401520450;UFC Fight Night: Lewis vs. Spivac;05/02/2023;Las Vegas, USA;Da Woon Jung vs. Devin Clark;Light Heavyweight;3 Rnd (5-5-5);in;B;U Dec;R2, 0:17;2;3;05:00;da_woon_jung;4;4;04:09;10;19;0;1;1;15;24;0;0;4;32;42;;;;;;;;;;12/07/1993;devin_clark;1;1;03:37;14;25;0;8;9;23;35;0;2;5;64;80;;;;;;;;;;04/12/1990
08:51:15;401520450;UFC Fight Night: Lewis vs. Spivac;05/02/2023;Las Vegas, USA;Da Woon Jung vs. Devin Clark;Light Heavyweight;3 Rnd (5-5-5);in;B;U Dec;R2, 0:17;2;3;05:00;da_woon_jung;4;4;04:09;10;19;0;1;1;15;24;0;0;4;32;42;;;;;;;;;;12/07/1993;devin_clark;1;1;03:37;14;25;0;8;9;23;35;0;2;5;64;80;;;;;;;;;;04/12/1990
08:51:21;401520450;UFC Fight Night: Lewis vs. Spivac;05/02/2023;Las Vegas, USA;Da Woon Jung vs. Devin Clark;Light Heavyweight;3 Rnd (5-5-5);in;B;U Dec;R2, 0:17;2;3;05:00;da_woon_jung;4;4;04:09;10;19;0;1;1;15;24;0;0;4;32;42;;;;;;;;;;12/07/1993;devin_clark;1;1;03:37;14;25;0;8;9;23;35;0;2;5;64;80;;;;;;;;;;04/12/1990
08:51:26;401520450;UFC Fight Night: Lewis vs. Spivac;05/02/2023;Las Vegas, USA;Da Woon Jung vs. Devin Clark;Light Heavyweight;3 Rnd (5-5-5);in;B;U Dec;R2, 0:17;2;3;05:00;da_woon_jung;4;4;04:09;10;19;0;1;1;15;24;0;0;4;32;42;;;;;;;;;;12/07/1993;devin_clark;1;1;03:37;14;25;0;8;9;23;35;0;2;5;64;80;;;;;;;;;;04/12/1990
08:51:32;401520450;UFC Fight Night: Lewis vs. Spivac;05/02/2023;Las Vegas, USA;Da Woon Jung vs. Devin Clark;Light Heavyweight;3 Rnd (5-5-5);in;B;U Dec;End R2;2;3;05:00;da_woon_jung;5;5;04:22;10;19;0;1;1;16;25;0;0;4;36;46;;;;;;;;;;12/07/1993;devin_clark;2;2;03:34;14;25;0;8;9;24;36;0;2;5;67;86;;;;;;;;;;04/12/1990
08:51:37;401520450;UFC Fight Night: Lewis vs. Spivac;05/02/2023;Las Vegas, USA;Da Woon Jung vs. Devin Clark;Light Heavyweight;3 Rnd (5-5-5);in;B;U Dec;End R2;2;3;05:00;da_woon_jung;5;5;04:22;10;19;0;1;1;16;25;0;0;4;36;46;;;;;;;;;;12/07/1993;devin_clark;2;2;03:34;14;25;0;8;9;24;36;0;2;5;67;86;;;;;;;;;;04/12/1990
08:51:42;401520450;UFC Fight Night: Lewis vs. Spivac;05/02/2023;Las Vegas, USA;Da Woon Jung vs. Devin Clark;Light Heavyweight;3 Rnd (5-5-5);in;B;U Dec;End R2;2;3;05:00;da_woon_jung;5;5;04:22;10;19;0;1;1;16;25;0;0;4;36;46;;;;;;;;;;12/07/1993;devin_clark;2;2;03:34;14;25;0;8;9;24;36;0;2;5;67;86;;;;;;;;;;04/12/1990
08:51:48;401520450;UFC Fight Night: Lewis vs. Spivac;05/02/2023;Las Vegas, USA;Da Woon Jung vs. Devin Clark;Light Heavyweight;3 Rnd (5-5-5);in;B;U Dec;End R2;2;3;05:00;da_woon_jung;5;5;04:22;10;19;0;1;1;16;25;0;0;4;36;46;;;;;;;;;;12/07/1993;devin_clark;2;2;03:34;14;25;0;8;9;24;36;0;2;5;67;86;;;;;;;;;;04/12/1990
08:51:53;401520450;UFC Fight Night: Lewis vs. Spivac;05/02/2023;Las Vegas, USA;Da Woon Jung vs. Devin Clark;Light Heavyweight;3 Rnd (5-5-5);in;B;U Dec;End R2;2;3;05:00;da_woon_jung;5;5;04:22;10;19;0;1;1;16;25;0;0;4;36;46;;;;;;;;;;12/07/1993;devin_clark;2;2;03:34;14;25;0;8;9;24;36;0;2;5;67;86;;;;;;;;;;04/12/1990
08:51:59;401520450;UFC Fight Night: Lewis vs. Spivac;05/02/2023;Las Vegas, USA;Da Woon Jung vs. Devin Clark;Light Heavyweight;3 Rnd (5-5-5);in;B;U Dec;End R2;2;3;05:00;da_woon_jung;5;5;04:22;10;19;0;1;1;16;25;0;0;4;36;46;;;;;;;;;;12/07/1993;devin_clark;2;2;03:34;14;25;0;8;9;24;36;0;2;5;67;86;;;;;;;;;;04/12/1990
08:52:04;401520450;UFC Fight Night: Lewis vs. Spivac;05/02/2023;Las Vegas, USA;Da Woon Jung vs. Devin Clark;Light Heavyweight;3 Rnd (5-5-5);in;B;U Dec;End R2;2;3;05:00;da_woon_jung;5;5;04:22;10;19;0;1;1;16;25;0;0;4;36;46;;;;;;;;;;12/07/1993;devin_clark;2;2;03:34;14;25;0;8;9;24;36;0;2;5;67;86;;;;;;;;;;04/12/1990
08:52:10;401520450;UFC Fight Night: Lewis vs. Spivac;05/02/2023;Las Vegas, USA;Da Woon Jung vs. Devin Clark;Light Heavyweight;3 Rnd (5-5-5);in;B;U Dec;End R2;2;3;05:00;da_woon_jung;5;5;04:22;10;19;0;1;1;16;25;0;0;4;36;46;;;;;;;;;;12/07/1993;devin_clark;2;2;03:34;14;25;0;8;9;24;36;0;2;5;67;86;;;;;;;;;;04/12/1990
08:52:15;401520450;UFC Fight Night: Lewis vs. Spivac;05/02/2023;Las Vegas, USA;Da Woon Jung vs. Devin Clark;Light Heavyweight;3 Rnd (5-5-5);in;B;U Dec;End R2;2;3;05:00;da_woon_jung;5;5;04:22;10;19;0;1;1;16;25;0;0;4;36;46;;;;;;;;;;12/07/1993;devin_clark;2;2;03:34;14;25;0;8;9;24;36;0;2;5;67;86;;;;;;;;;;04/12/1990
08:52:20;401520450;UFC Fight Night: Lewis vs. Spivac;05/02/2023;Las Vegas, USA;Da Woon Jung vs. Devin Clark;Light Heavyweight;3 Rnd (5-5-5);in;B;U Dec;End R2;2;3;05:00;da_woon_jung;5;5;04:22;10;19;0;1;1;16;25;0;0;4;36;46;;;;;;;;;;12/07/1993;devin_clark;2;2;03:34;14;25;0;8;9;24;36;0;2;5;67;86;;;;;;;;;;04/12/1990
08:52:26;401520450;UFC Fight Night: Lewis vs. Spivac;05/02/2023;Las Vegas, USA;Da Woon Jung vs. Devin Clark;Light Heavyweight;3 Rnd (5-5-5);in;B;U Dec;End R2;2;3;05:00;da_woon_jung;5;5;04:22;10;19;0;1;1;16;25;0;0;4;36;46;;;;;;;;;;12/07/1993;devin_clark;2;2;03:34;14;25;0;8;9;24;36;0;2;5;67;86;;;;;;;;;;04/12/1990
08:52:31;401520450;UFC Fight Night: Lewis vs. Spivac;05/02/2023;Las Vegas, USA;Da Woon Jung vs. Devin Clark;Light Heavyweight;3 Rnd (5-5-5);in;B;U Dec;End R2;2;3;05:00;da_woon_jung;5;5;04:22;10;19;0;1;1;16;25;0;0;4;36;46;;;;;;;;;;12/07/1993;devin_clark;2;2;03:34;14;25;0;8;9;24;36;0;2;5;67;86;;;;;;;;;;04/12/1990
08:52:36;401520450;UFC Fight Night: Lewis vs. Spivac;05/02/2023;Las Vegas, USA;Da Woon Jung vs. Devin Clark;Light Heavyweight;3 Rnd (5-5-5);in;B;U Dec;End R2;2;3;05:00;da_woon_jung;5;5;04:22;10;19;0;1;1;16;25;0;0;4;36;46;;;;;;;;;;12/07/1993;devin_clark;2;2;03:34;14;25;0;8;9;24;36;0;2;5;67;86;;;;;;;;;;04/12/1990
08:52:41;401520450;UFC Fight Night: Lewis vs. Spivac;05/02/2023;Las Vegas, USA;Da Woon Jung vs. Devin Clark;Light Heavyweight;3 Rnd (5-5-5);in;B;U Dec;R3, 4:57;3;3;05:00;da_woon_jung;5;5;04:22;10;19;0;1;1;16;25;0;0;4;36;46;;;;;;;;;;12/07/1993;devin_clark;2;2;03:34;14;25;0;8;9;24;36;0;2;5;67;86;;;;;;;;;;04/12/1990
08:52:47;401520450;UFC Fight Night: Lewis vs. Spivac;05/02/2023;Las Vegas, USA;Da Woon Jung vs. Devin Clark;Light Heavyweight;3 Rnd (5-5-5);in;B;U Dec;End R2;2;3;05:00;da_woon_jung;5;5;04:22;10;19;0;1;1;16;25;0;0;4;36;46;;;;;;;;;;12/07/1993;devin_clark;2;2;03:34;14;25;0;8;9;24;36;0;2;5;67;86;;;;;;;;;;04/12/1990
08:52:53;401520450;UFC Fight Night: Lewis vs. Spivac;05/02/2023;Las Vegas, USA;Da Woon Jung vs. Devin Clark;Light Heavyweight;3 Rnd (5-5-5);in;B;U Dec;End R2;2;3;05:00;da_woon_jung;5;5;04:22;10;19;0;1;1;16;25;0;0;4;36;46;;;;;;;;;;12/07/1993;devin_clark;2;2;03:34;14;25;0;8;9;24;36;0;2;5;67;86;;;;;;;;;;04/12/1990
08:52:58;401520450;UFC Fight Night: Lewis vs. Spivac;05/02/2023;Las Vegas, USA;Da Woon Jung vs. Devin Clark;Light Heavyweight;3 Rnd (5-5-5);in;B;U Dec;R3, 4:57;3;3;05:00;da_woon_jung;5;5;04:22;10;19;0;1;1;16;25;0;0;4;36;46;;;;;;;;;;12/07/1993;devin_clark;2;2;03:34;14;25;0;8;9;24;36;0;2;5;67;86;;;;;;;;;;04/12/1990
08:53:04;401520450;UFC Fight Night: Lewis vs. Spivac;05/02/2023;Las Vegas, USA;Da Woon Jung vs. Devin Clark;Light Heavyweight;3 Rnd (5-5-5);in;B;U Dec;R3, 4:57;3;3;05:00;da_woon_jung;5;5;04:22;10;19;0;1;1;16;25;0;0;4;36;46;;;;;;;;;;12/07/1993;devin_clark;2;2;03:34;14;25;0;8;9;24;36;0;2;5;67;86;;;;;;;;;;04/12/1990
08:53:09;401520450;UFC Fight Night: Lewis vs. Spivac;05/02/2023;Las Vegas, USA;Da Woon Jung vs. Devin Clark;Light Heavyweight;3 Rnd (5-5-5);in;B;U Dec;R3, 4:23;3;3;05:00;da_woon_jung;5;5;04:22;10;22;0;1;1;16;28;0;0;4;36;49;;;;;;;;;;12/07/1993;devin_clark;2;2;03:36;14;26;0;8;10;24;38;0;2;6;67;88;;;;;;;;;;04/12/1990
08:53:14;401520450;UFC Fight Night: Lewis vs. Spivac;05/02/2023;Las Vegas, USA;Da Woon Jung vs. Devin Clark;Light Heavyweight;3 Rnd (5-5-5);in;B;U Dec;R3, 4:23;3;3;05:00;da_woon_jung;5;5;04:22;10;22;0;1;1;16;28;0;0;4;36;49;;;;;;;;;;12/07/1993;devin_clark;2;2;03:36;14;26;0;8;10;24;38;0;2;6;67;88;;;;;;;;;;04/12/1990
08:53:20;401520450;UFC Fight Night: Lewis vs. Spivac;05/02/2023;Las Vegas, USA;Da Woon Jung vs. Devin Clark;Light Heavyweight;3 Rnd (5-5-5);in;B;U Dec;R3, 4:23;3;3;05:00;da_woon_jung;5;5;04:22;10;22;0;1;1;16;28;0;0;4;36;49;;;;;;;;;;12/07/1993;devin_clark;2;2;03:36;14;26;0;8;10;24;38;0;2;6;67;88;;;;;;;;;;04/12/1990
08:53:25;401520450;UFC Fight Night: Lewis vs. Spivac;05/02/2023;Las Vegas, USA;Da Woon Jung vs. Devin Clark;Light Heavyweight;3 Rnd (5-5-5);in;B;U Dec;R3, 4:23;3;3;05:00;da_woon_jung;5;5;04:22;10;22;0;1;1;16;28;0;0;4;36;49;;;;;;;;;;12/07/1993;devin_clark;2;2;03:36;14;26;0;8;10;24;38;0;2;6;67;88;;;;;;;;;;04/12/1990
08:53:31;401520450;UFC Fight Night: Lewis vs. Spivac;05/02/2023;Las Vegas, USA;Da Woon Jung vs. Devin Clark;Light Heavyweight;3 Rnd (5-5-5);in;B;U Dec;R3, 4:23;3;3;05:00;da_woon_jung;5;5;04:22;10;22;0;1;1;16;28;0;0;4;36;49;;;;;;;;;;12/07/1993;devin_clark;2;2;03:36;14;26;0;8;10;24;38;0;2;6;67;88;;;;;;;;;;04/12/1990
08:53:36;401520450;UFC Fight Night: Lewis vs. Spivac;05/02/2023;Las Vegas, USA;Da Woon Jung vs. Devin Clark;Light Heavyweight;3 Rnd (5-5-5);in;B;U Dec;R3, 4:23;3;3;05:00;da_woon_jung;5;5;04:22;10;22;0;1;1;16;28;0;0;4;36;49;;;;;;;;;;12/07/1993;devin_clark;2;2;03:36;14;26;0;8;10;24;38;0;2;6;67;88;;;;;;;;;;04/12/1990
08:53:41;401520450;UFC Fight Night: Lewis vs. Spivac;05/02/2023;Las Vegas, USA;Da Woon Jung vs. Devin Clark;Light Heavyweight;3 Rnd (5-5-5);in;B;U Dec;R3, 3:42;3;3;05:00;da_woon_jung;6;7;04:22;10;23;0;1;1;17;31;0;0;4;37;52;;;;;;;;;;12/07/1993;devin_clark;2;3;03:50;17;30;0;8;10;27;43;0;2;7;70;93;;;;;;;;;;04/12/1990
08:53:47;401520450;UFC Fight Night: Lewis vs. Spivac;05/02/2023;Las Vegas, USA;Da Woon Jung vs. Devin Clark;Light Heavyweight;3 Rnd (5-5-5);in;B;U Dec;R3, 3:42;3;3;05:00;da_woon_jung;6;7;04:22;10;23;0;1;1;17;31;0;0;4;37;52;;;;;;;;;;12/07/1993;devin_clark;2;3;03:50;17;30;0;8;10;27;43;0;2;7;70;93;;;;;;;;;;04/12/1990
08:53:52;401520450;UFC Fight Night: Lewis vs. Spivac;05/02/2023;Las Vegas, USA;Da Woon Jung vs. Devin Clark;Light Heavyweight;3 Rnd (5-5-5);in;B;U Dec;R3, 4:23;3;3;05:00;da_woon_jung;5;5;04:22;10;22;0;1;1;16;28;0;0;4;36;49;;;;;;;;;;12/07/1993;devin_clark;2;2;03:36;14;26;0;8;10;24;38;0;2;6;67;88;;;;;;;;;;04/12/1990
08:53:58;401520450;UFC Fight Night: Lewis vs. Spivac;05/02/2023;Las Vegas, USA;Da Woon Jung vs. Devin Clark;Light Heavyweight;3 Rnd (5-5-5);in;B;U Dec;R3, 4:23;3;3;05:00;da_woon_jung;5;5;04:22;10;22;0;1;1;16;28;0;0;4;36;49;;;;;;;;;;12/07/1993;devin_clark;2;2;03:36;14;26;0;8;10;24;38;0;2;6;67;88;;;;;;;;;;04/12/1990
08:54:03;401520450;UFC Fight Night: Lewis vs. Spivac;05/02/2023;Las Vegas, USA;Da Woon Jung vs. Devin Clark;Light Heavyweight;3 Rnd (5-5-5);in;B;U Dec;R3, 3:20;3;3;05:00;da_woon_jung;6;7;04:24;11;27;0;1;1;18;35;0;0;4;38;56;;;;;;;;;;12/07/1993;devin_clark;2;3;03:50;18;32;0;8;10;28;45;0;2;8;71;95;;;;;;;;;;04/12/1990
08:54:08;401520450;UFC Fight Night: Lewis vs. Spivac;05/02/2023;Las Vegas, USA;Da Woon Jung vs. Devin Clark;Light Heavyweight;3 Rnd (5-5-5);in;B;U Dec;R3, 3:20;3;3;05:00;da_woon_jung;6;7;04:24;11;27;0;1;1;18;35;0;0;4;38;56;;;;;;;;;;12/07/1993;devin_clark;2;3;03:50;18;32;0;8;10;28;45;0;2;8;71;95;;;;;;;;;;04/12/1990
08:54:14;401520450;UFC Fight Night: Lewis vs. Spivac;05/02/2023;Las Vegas, USA;Da Woon Jung vs. Devin Clark;Light Heavyweight;3 Rnd (5-5-5);in;B;U Dec;R3, 3:20;3;3;05:00;da_woon_jung;6;7;04:24;11;27;0;1;1;18;35;0;0;4;38;56;;;;;;;;;;12/07/1993;devin_clark;2;3;03:50;18;32;0;8;10;28;45;0;2;8;71;95;;;;;;;;;;04/12/1990
08:54:20;401520450;UFC Fight Night: Lewis vs. Spivac;05/02/2023;Las Vegas, USA;Da Woon Jung vs. Devin Clark;Light Heavyweight;3 Rnd (5-5-5);in;B;U Dec;R3, 3:20;3;3;05:00;da_woon_jung;6;7;04:24;11;27;0;1;1;18;35;0;0;4;38;56;;;;;;;;;;12/07/1993;devin_clark;2;3;03:50;18;32;0;8;10;28;45;0;2;8;71;95;;;;;;;;;;04/12/1990
08:54:25;401520450;UFC Fight Night: Lewis vs. Spivac;05/02/2023;Las Vegas, USA;Da Woon Jung vs. Devin Clark;Light Heavyweight;3 Rnd (5-5-5);in;B;U Dec;R3, 3:20;3;3;05:00;da_woon_jung;6;7;04:24;11;27;0;1;1;18;35;0;0;4;38;56;;;;;;;;;;12/07/1993;devin_clark;2;3;03:50;18;32;0;8;10;28;45;0;2;8;71;95;;;;;;;;;;04/12/1990
08:54:31;401520450;UFC Fight Night: Lewis vs. Spivac;05/02/2023;Las Vegas, USA;Da Woon Jung vs. Devin Clark;Light Heavyweight;3 Rnd (5-5-5);in;B;U Dec;R3, 3:20;3;3;05:00;da_woon_jung;6;7;04:24;11;27;0;1;1;18;35;0;0;4;38;56;;;;;;;;;;12/07/1993;devin_clark;2;3;03:50;18;32;0;8;10;28;45;0;2;8;71;95;;;;;;;;;;04/12/1990
08:54:36;401520450;UFC Fight Night: Lewis vs. Spivac;05/02/2023;Las Vegas, USA;Da Woon Jung vs. Devin Clark;Light Heavyweight;3 Rnd (5-5-5);in;B;U Dec;R3, 3:20;3;3;05:00;da_woon_jung;6;7;04:24;11;27;0;1;1;18;35;0;0;4;38;56;;;;;;;;;;12/07/1993;devin_clark;2;3;03:50;18;32;0;8;10;28;45;0;2;8;71;95;;;;;;;;;;04/12/1990
08:54:41;401520450;UFC Fight Night: Lewis vs. Spivac;05/02/2023;Las Vegas, USA;Da Woon Jung vs. Devin Clark;Light Heavyweight;3 Rnd (5-5-5);in;B;U Dec;R3, 2:40;3;3;05:00;da_woon_jung;6;7;04:57;11;27;0;1;1;18;35;0;1;5;38;56;;;;;;;;;;12/07/1993;devin_clark;2;3;03:50;18;32;0;8;10;28;45;0;2;8;73;97;;;;;;;;;;04/12/1990
08:54:47;401520450;UFC Fight Night: Lewis vs. Spivac;05/02/2023;Las Vegas, USA;Da Woon Jung vs. Devin Clark;Light Heavyweight;3 Rnd (5-5-5);in;B;U Dec;R3, 3:42;3;3;05:00;da_woon_jung;6;7;04:22;10;23;0;1;1;17;31;0;0;4;37;52;;;;;;;;;;12/07/1993;devin_clark;2;3;03:50;17;30;0;8;10;27;43;0;2;7;70;93;;;;;;;;;;04/12/1990
08:54:52;401520450;UFC Fight Night: Lewis vs. Spivac;05/02/2023;Las Vegas, USA;Da Woon Jung vs. Devin Clark;Light Heavyweight;3 Rnd (5-5-5);in;B;U Dec;R3, 3:42;3;3;05:00;da_woon_jung;6;7;04:22;10;23;0;1;1;17;31;0;0;4;37;52;;;;;;;;;;12/07/1993;devin_clark;2;3;03:50;17;30;0;8;10;27;43;0;2;7;70;93;;;;;;;;;;04/12/1990
08:54:58;401520450;UFC Fight Night: Lewis vs. Spivac;05/02/2023;Las Vegas, USA;Da Woon Jung vs. Devin Clark;Light Heavyweight;3 Rnd (5-5-5);in;B;U Dec;R3, 3:42;3;3;05:00;da_woon_jung;6;7;04:22;10;23;0;1;1;17;31;0;0;4;37;52;;;;;;;;;;12/07/1993;devin_clark;2;3;03:50;17;30;0;8;10;27;43;0;2;7;70;93;;;;;;;;;;04/12/1990
08:55:03;401520450;UFC Fight Night: Lewis vs. Spivac;05/02/2023;Las Vegas, USA;Da Woon Jung vs. Devin Clark;Light Heavyweight;3 Rnd (5-5-5);in;B;U Dec;R3, 3:42;3;3;05:00;da_woon_jung;6;7;04:22;10;23;0;1;1;17;31;0;0;4;37;52;;;;;;;;;;12/07/1993;devin_clark;2;3;03:50;17;30;0;8;10;27;43;0;2;7;70;93;;;;;;;;;;04/12/1990
08:55:09;401520450;UFC Fight Night: Lewis vs. Spivac;05/02/2023;Las Vegas, USA;Da Woon Jung vs. Devin Clark;Light Heavyweight;3 Rnd (5-5-5);in;B;U Dec;R3, 2:40;3;3;05:00;da_woon_jung;6;7;04:57;11;27;0;1;1;18;35;0;1;5;38;56;;;;;;;;;;12/07/1993;devin_clark;2;3;03:50;18;32;0;8;10;28;45;0;2;8;73;97;;;;;;;;;;04/12/1990
08:55:14;401520450;UFC Fight Night: Lewis vs. Spivac;05/02/2023;Las Vegas, USA;Da Woon Jung vs. Devin Clark;Light Heavyweight;3 Rnd (5-5-5);in;B;U Dec;R3, 2:40;3;3;05:00;da_woon_jung;6;7;04:57;11;27;0;1;1;18;35;0;1;5;38;56;;;;;;;;;;12/07/1993;devin_clark;2;3;03:50;18;32;0;8;10;28;45;0;2;8;73;97;;;;;;;;;;04/12/1990
08:55:20;401520450;UFC Fight Night: Lewis vs. Spivac;05/02/2023;Las Vegas, USA;Da Woon Jung vs. Devin Clark;Light Heavyweight;3 Rnd (5-5-5);in;B;U Dec;R3, 2:08;3;3;05:00;da_woon_jung;6;7;05:23;11;27;0;1;1;18;35;0;1;5;39;57;;;;;;;;;;12/07/1993;devin_clark;2;3;03:54;19;33;0;8;10;29;46;0;2;8;76;100;;;;;;;;;;04/12/1990
08:55:25;401520450;UFC Fight Night: Lewis vs. Spivac;05/02/2023;Las Vegas, USA;Da Woon Jung vs. Devin Clark;Light Heavyweight;3 Rnd (5-5-5);in;B;U Dec;R3, 2:08;3;3;05:00;da_woon_jung;6;7;05:23;11;27;0;1;1;18;35;0;1;5;39;57;;;;;;;;;;12/07/1993;devin_clark;2;3;03:54;19;33;0;8;10;29;46;0;2;8;76;100;;;;;;;;;;04/12/1990
08:55:30;401520450;UFC Fight Night: Lewis vs. Spivac;05/02/2023;Las Vegas, USA;Da Woon Jung vs. Devin Clark;Light Heavyweight;3 Rnd (5-5-5);in;B;U Dec;R3, 2:08;3;3;05:00;da_woon_jung;6;7;05:23;11;27;0;1;1;18;35;0;1;5;39;57;;;;;;;;;;12/07/1993;devin_clark;2;3;03:54;19;33;0;8;10;29;46;0;2;8;76;100;;;;;;;;;;04/12/1990
08:55:36;401520450;UFC Fight Night: Lewis vs. Spivac;05/02/2023;Las Vegas, USA;Da Woon Jung vs. Devin Clark;Light Heavyweight;3 Rnd (5-5-5);in;B;U Dec;R3, 2:08;3;3;05:00;da_woon_jung;6;7;05:23;11;27;0;1;1;18;35;0;1;5;39;57;;;;;;;;;;12/07/1993;devin_clark;2;3;03:54;19;33;0;8;10;29;46;0;2;8;76;100;;;;;;;;;;04/12/1990
08:55:41;401520450;UFC Fight Night: Lewis vs. Spivac;05/02/2023;Las Vegas, USA;Da Woon Jung vs. Devin Clark;Light Heavyweight;3 Rnd (5-5-5);in;B;U Dec;R3, 2:08;3;3;05:00;da_woon_jung;6;7;05:23;11;27;0;1;1;18;35;0;1;5;39;57;;;;;;;;;;12/07/1993;devin_clark;2;3;03:54;19;33;0;8;10;29;46;0;2;8;76;100;;;;;;;;;;04/12/1990
08:55:46;401520450;UFC Fight Night: Lewis vs. Spivac;05/02/2023;Las Vegas, USA;Da Woon Jung vs. Devin Clark;Light Heavyweight;3 Rnd (5-5-5);in;B;U Dec;R3, 2:08;3;3;05:00;da_woon_jung;6;7;05:23;11;27;0;1;1;18;35;0;1;5;39;57;;;;;;;;;;12/07/1993;devin_clark;2;3;03:54;19;33;0;8;10;29;46;0;2;8;76;100;;;;;;;;;;04/12/1990
08:55:52;401520450;UFC Fight Night: Lewis vs. Spivac;05/02/2023;Las Vegas, USA;Da Woon Jung vs. Devin Clark;Light Heavyweight;3 Rnd (5-5-5);in;B;U Dec;R3, 2:08;3;3;05:00;da_woon_jung;6;7;05:23;11;27;0;1;1;18;35;0;1;5;39;57;;;;;;;;;;12/07/1993;devin_clark;2;3;03:54;19;33;0;8;10;29;46;0;2;8;76;100;;;;;;;;;;04/12/1990
08:55:57;401520450;UFC Fight Night: Lewis vs. Spivac;05/02/2023;Las Vegas, USA;Da Woon Jung vs. Devin Clark;Light Heavyweight;3 Rnd (5-5-5);in;B;U Dec;R3, 2:40;3;3;05:00;da_woon_jung;6;7;04:57;11;27;0;1;1;18;35;0;1;5;38;56;;;;;;;;;;12/07/1993;devin_clark;2;3;03:50;18;32;0;8;10;28;45;0;2;8;73;97;;;;;;;;;;04/12/1990
08:56:03;401520450;UFC Fight Night: Lewis vs. Spivac;05/02/2023;Las Vegas, USA;Da Woon Jung vs. Devin Clark;Light Heavyweight;3 Rnd (5-5-5);in;B;U Dec;R3, 2:08;3;3;05:00;da_woon_jung;6;7;05:23;11;27;0;1;1;18;35;0;1;5;39;57;;;;;;;;;;12/07/1993;devin_clark;2;3;03:54;19;33;0;8;10;29;46;0;2;8;76;100;;;;;;;;;;04/12/1990
08:56:08;401520450;UFC Fight Night: Lewis vs. Spivac;05/02/2023;Las Vegas, USA;Da Woon Jung vs. Devin Clark;Light Heavyweight;3 Rnd (5-5-5);in;B;U Dec;R3, 2:08;3;3;05:00;da_woon_jung;6;7;05:23;11;27;0;1;1;18;35;0;1;5;39;57;;;;;;;;;;12/07/1993;devin_clark;2;3;03:54;19;33;0;8;10;29;46;0;2;8;76;100;;;;;;;;;;04/12/1990
08:56:14;401520450;UFC Fight Night: Lewis vs. Spivac;05/02/2023;Las Vegas, USA;Da Woon Jung vs. Devin Clark;Light Heavyweight;3 Rnd (5-5-5);in;B;U Dec;R3, 1:25;3;3;05:00;da_woon_jung;6;7;05:38;13;33;0;1;1;20;41;0;1;5;41;63;;;;;;;;;;12/07/1993;devin_clark;2;3;04:12;23;41;0;8;10;33;54;0;2;10;82;110;;;;;;;;;;04/12/1990
08:56:20;401520450;UFC Fight Night: Lewis vs. Spivac;05/02/2023;Las Vegas, USA;Da Woon Jung vs. Devin Clark;Light Heavyweight;3 Rnd (5-5-5);in;B;U Dec;R3, 2:08;3;3;05:00;da_woon_jung;6;7;05:23;11;27;0;1;1;18;35;0;1;5;39;57;;;;;;;;;;12/07/1993;devin_clark;2;3;03:54;19;33;0;8;10;29;46;0;2;8;76;100;;;;;;;;;;04/12/1990
08:56:25;401520450;UFC Fight Night: Lewis vs. Spivac;05/02/2023;Las Vegas, USA;Da Woon Jung vs. Devin Clark;Light Heavyweight;3 Rnd (5-5-5);in;B;U Dec;R3, 2:08;3;3;05:00;da_woon_jung;6;7;05:23;11;27;0;1;1;18;35;0;1;5;39;57;;;;;;;;;;12/07/1993;devin_clark;2;3;03:54;19;33;0;8;10;29;46;0;2;8;76;100;;;;;;;;;;04/12/1990
08:56:31;401520450;UFC Fight Night: Lewis vs. Spivac;05/02/2023;Las Vegas, USA;Da Woon Jung vs. Devin Clark;Light Heavyweight;3 Rnd (5-5-5);in;B;U Dec;R3, 1:25;3;3;05:00;da_woon_jung;6;7;05:38;13;33;0;1;1;20;41;0;1;5;41;63;;;;;;;;;;12/07/1993;devin_clark;2;3;04:12;23;41;0;8;10;33;54;0;2;10;82;110;;;;;;;;;;04/12/1990
08:56:36;401520450;UFC Fight Night: Lewis vs. Spivac;05/02/2023;Las Vegas, USA;Da Woon Jung vs. Devin Clark;Light Heavyweight;3 Rnd (5-5-5);in;B;U Dec;R3, 1:25;3;3;05:00;da_woon_jung;6;7;05:38;13;33;0;1;1;20;41;0;1;5;41;63;;;;;;;;;;12/07/1993;devin_clark;2;3;04:12;23;41;0;8;10;33;54;0;2;10;82;110;;;;;;;;;;04/12/1990
08:56:42;401520450;UFC Fight Night: Lewis vs. Spivac;05/02/2023;Las Vegas, USA;Da Woon Jung vs. Devin Clark;Light Heavyweight;3 Rnd (5-5-5);in;B;U Dec;R3, 1:25;3;3;05:00;da_woon_jung;6;7;05:38;13;33;0;1;1;20;41;0;1;5;41;63;;;;;;;;;;12/07/1993;devin_clark;2;3;04:12;23;41;0;8;10;33;54;0;2;10;82;110;;;;;;;;;;04/12/1990
08:56:47;401520450;UFC Fight Night: Lewis vs. Spivac;05/02/2023;Las Vegas, USA;Da Woon Jung vs. Devin Clark;Light Heavyweight;3 Rnd (5-5-5);in;B;U Dec;R3, 1:25;3;3;05:00;da_woon_jung;6;7;05:38;13;33;0;1;1;20;41;0;1;5;41;63;;;;;;;;;;12/07/1993;devin_clark;2;3;04:12;23;41;0;8;10;33;54;0;2;10;82;110;;;;;;;;;;04/12/1990
08:56:53;401520450;UFC Fight Night: Lewis vs. Spivac;05/02/2023;Las Vegas, USA;Da Woon Jung vs. Devin Clark;Light Heavyweight;3 Rnd (5-5-5);in;B;U Dec;R3, 0:53;3;3;05:00;da_woon_jung;7;8;05:48;13;33;0;1;1;21;42;0;1;5;43;65;;;;;;;;;;12/07/1993;devin_clark;3;4;04:35;24;42;0;8;10;35;56;0;2;10;84;112;;;;;;;;;;04/12/1990
08:56:58;401520450;UFC Fight Night: Lewis vs. Spivac;05/02/2023;Las Vegas, USA;Da Woon Jung vs. Devin Clark;Light Heavyweight;3 Rnd (5-5-5);in;B;U Dec;R3, 0:53;3;3;05:00;da_woon_jung;7;8;05:48;13;33;0;1;1;21;42;0;1;5;43;65;;;;;;;;;;12/07/1993;devin_clark;3;4;04:35;24;42;0;8;10;35;56;0;2;10;84;112;;;;;;;;;;04/12/1990
08:57:03;401520450;UFC Fight Night: Lewis vs. Spivac;05/02/2023;Las Vegas, USA;Da Woon Jung vs. Devin Clark;Light Heavyweight;3 Rnd (5-5-5);in;B;U Dec;R3, 0:53;3;3;05:00;da_woon_jung;7;8;05:48;13;33;0;1;1;21;42;0;1;5;43;65;;;;;;;;;;12/07/1993;devin_clark;3;4;04:35;24;42;0;8;10;35;56;0;2;10;84;112;;;;;;;;;;04/12/1990
08:57:08;401520450;UFC Fight Night: Lewis vs. Spivac;05/02/2023;Las Vegas, USA;Da Woon Jung vs. Devin Clark;Light Heavyweight;3 Rnd (5-5-5);in;B;U Dec;R3, 1:25;3;3;05:00;da_woon_jung;6;7;05:38;13;33;0;1;1;20;41;0;1;5;41;63;;;;;;;;;;12/07/1993;devin_clark;2;3;04:12;23;41;0;8;10;33;54;0;2;10;82;110;;;;;;;;;;04/12/1990
08:57:14;401520450;UFC Fight Night: Lewis vs. Spivac;05/02/2023;Las Vegas, USA;Da Woon Jung vs. Devin Clark;Light Heavyweight;3 Rnd (5-5-5);in;B;U Dec;R3, 1:25;3;3;05:00;da_woon_jung;6;7;05:38;13;33;0;1;1;20;41;0;1;5;41;63;;;;;;;;;;12/07/1993;devin_clark;2;3;04:12;23;41;0;8;10;33;54;0;2;10;82;110;;;;;;;;;;04/12/1990
08:57:19;401520450;UFC Fight Night: Lewis vs. Spivac;05/02/2023;Las Vegas, USA;Da Woon Jung vs. Devin Clark;Light Heavyweight;3 Rnd (5-5-5);in;B;U Dec;R3, 0:19;3;3;05:00;da_woon_jung;8;9;05:48;16;37;0;1;1;25;47;0;1;5;47;70;;;;;;;;;;12/07/1993;devin_clark;3;4;04:52;27;47;0;8;10;38;61;0;2;10;88;118;;;;;;;;;;04/12/1990
08:57:25;401520450;UFC Fight Night: Lewis vs. Spivac;05/02/2023;Las Vegas, USA;Da Woon Jung vs. Devin Clark;Light Heavyweight;3 Rnd (5-5-5);in;B;U Dec;R3, 0:19;3;3;05:00;da_woon_jung;8;9;05:48;16;37;0;1;1;25;47;0;1;5;47;70;;;;;;;;;;12/07/1993;devin_clark;3;4;04:52;27;47;0;8;10;38;61;0;2;10;88;118;;;;;;;;;;04/12/1990
08:57:30;401520450;UFC Fight Night: Lewis vs. Spivac;05/02/2023;Las Vegas, USA;Da Woon Jung vs. Devin Clark;Light Heavyweight;3 Rnd (5-5-5);in;B;U Dec;R3, 0:19;3;3;05:00;da_woon_jung;8;9;05:48;16;37;0;1;1;25;47;0;1;5;47;70;;;;;;;;;;12/07/1993;devin_clark;3;4;04:52;27;47;0;8;10;38;61;0;2;10;88;118;;;;;;;;;;04/12/1990
08:57:36;401520450;UFC Fight Night: Lewis vs. Spivac;05/02/2023;Las Vegas, USA;Da Woon Jung vs. Devin Clark;Light Heavyweight;3 Rnd (5-5-5);in;B;U Dec;R3, 0:19;3;3;05:00;da_woon_jung;8;9;05:48;16;37;0;1;1;25;47;0;1;5;47;70;;;;;;;;;;12/07/1993;devin_clark;3;4;04:52;27;47;0;8;10;38;61;0;2;10;88;118;;;;;;;;;;04/12/1990
08:57:41;401520450;UFC Fight Night: Lewis vs. Spivac;05/02/2023;Las Vegas, USA;Da Woon Jung vs. Devin Clark;Light Heavyweight;3 Rnd (5-5-5);in;B;U Dec;R3, 1:25;3;3;05:00;da_woon_jung;6;7;05:38;13;33;0;1;1;20;41;0;1;5;41;63;;;;;;;;;;12/07/1993;devin_clark;2;3;04:12;23;41;0;8;10;33;54;0;2;10;82;110;;;;;;;;;;04/12/1990
08:57:47;401520450;UFC Fight Night: Lewis vs. Spivac;05/02/2023;Las Vegas, USA;Da Woon Jung vs. Devin Clark;Light Heavyweight;3 Rnd (5-5-5);in;B;U Dec;R3, 1:25;3;3;05:00;da_woon_jung;6;7;05:38;13;33;0;1;1;20;41;0;1;5;41;63;;;;;;;;;;12/07/1993;devin_clark;2;3;04:12;23;41;0;8;10;33;54;0;2;10;82;110;;;;;;;;;;04/12/1990
08:57:52;401520450;UFC Fight Night: Lewis vs. Spivac;05/02/2023;Las Vegas, USA;Da Woon Jung vs. Devin Clark;Light Heavyweight;3 Rnd (5-5-5);in;B;U Dec;R3, 0:19;3;3;05:00;da_woon_jung;8;9;05:48;16;37;0;1;1;25;47;0;1;5;47;70;;;;;;;;;;12/07/1993;devin_clark;3;4;04:52;27;47;0;8;10;38;61;0;2;10;88;118;;;;;;;;;;04/12/1990
08:57:58;401520450;UFC Fight Night: Lewis vs. Spivac;05/02/2023;Las Vegas, USA;Da Woon Jung vs. Devin Clark;Light Heavyweight;3 Rnd (5-5-5);in;B;U Dec;R3, 0:19;3;3;05:00;da_woon_jung;8;9;05:48;16;37;0;1;1;25;47;0;1;5;47;70;;;;;;;;;;12/07/1993;devin_clark;3;4;04:52;27;47;0;8;10;38;61;0;2;10;88;118;;;;;;;;;;04/12/1990
08:58:03;401520450;UFC Fight Night: Lewis vs. Spivac;05/02/2023;Las Vegas, USA;Da Woon Jung vs. Devin Clark;Light Heavyweight;3 Rnd (5-5-5);in;B;U Dec;End R3;3;3;05:00;da_woon_jung;9;10;05:48;17;40;0;1;1;27;51;0;1;5;50;75;;;;;;;;;;12/07/1993;devin_clark;4;5;04:42;29;53;0;8;10;41;68;0;3;11;93;127;;;;;;;;;;04/12/1990
08:58:09;401520450;UFC Fight Night: Lewis vs. Spivac;05/02/2023;Las Vegas, USA;Da Woon Jung vs. Devin Clark;Light Heavyweight;3 Rnd (5-5-5);in;B;U Dec;End R3;3;3;05:00;da_woon_jung;9;10;05:48;17;40;0;1;1;27;51;0;1;5;50;75;;;;;;;;;;12/07/1993;devin_clark;4;5;04:42;29;53;0;8;10;41;68;0;3;11;93;127;;;;;;;;;;04/12/1990
08:58:14;401520450;UFC Fight Night: Lewis vs. Spivac;05/02/2023;Las Vegas, USA;Da Woon Jung vs. Devin Clark;Light Heavyweight;3 Rnd (5-5-5);in;B;U Dec;End R3;3;3;05:00;da_woon_jung;9;10;05:48;17;40;0;1;1;27;51;0;1;5;50;75;;;;;;;;;;12/07/1993;devin_clark;4;5;04:42;29;53;0;8;10;41;68;0;3;11;93;127;;;;;;;;;;04/12/1990
08:58:19;401520450;UFC Fight Night: Lewis vs. Spivac;05/02/2023;Las Vegas, USA;Da Woon Jung vs. Devin Clark;Light Heavyweight;3 Rnd (5-5-5);in;B;U Dec;End R3;3;3;05:00;da_woon_jung;9;10;05:48;17;40;0;1;1;27;51;0;1;5;50;75;;;;;;;;;;12/07/1993;devin_clark;4;5;04:42;29;53;0;8;10;41;68;0;3;11;93;127;;;;;;;;;;04/12/1990
08:58:25;401520450;UFC Fight Night: Lewis vs. Spivac;05/02/2023;Las Vegas, USA;Da Woon Jung vs. Devin Clark;Light Heavyweight;3 Rnd (5-5-5);in;B;U Dec;End R3;3;3;05:00;da_woon_jung;9;10;05:48;17;40;0;1;1;27;51;0;1;5;50;75;;;;;;;;;;12/07/1993;devin_clark;4;5;04:42;29;53;0;8;10;41;68;0;3;11;93;127;;;;;;;;;;04/12/1990
08:58:30;401520450;UFC Fight Night: Lewis vs. Spivac;05/02/2023;Las Vegas, USA;Da Woon Jung vs. Devin Clark;Light Heavyweight;3 Rnd (5-5-5);in;B;U Dec;R3, 0:19;3;3;05:00;da_woon_jung;8;9;05:48;16;37;0;1;1;25;47;0;1;5;47;70;;;;;;;;;;12/07/1993;devin_clark;3;4;04:52;27;47;0;8;10;38;61;0;2;10;88;118;;;;;;;;;;04/12/1990
08:58:36;401520450;UFC Fight Night: Lewis vs. Spivac;05/02/2023;Las Vegas, USA;Da Woon Jung vs. Devin Clark;Light Heavyweight;3 Rnd (5-5-5);in;B;U Dec;R3, 0:19;3;3;05:00;da_woon_jung;8;9;05:48;16;37;0;1;1;25;47;0;1;5;47;70;;;;;;;;;;12/07/1993;devin_clark;3;4;04:52;27;47;0;8;10;38;61;0;2;10;88;118;;;;;;;;;;04/12/1990
08:58:42;401520450;UFC Fight Night: Lewis vs. Spivac;05/02/2023;Las Vegas, USA;Da Woon Jung vs. Devin Clark;Light Heavyweight;3 Rnd (5-5-5);in;B;U Dec;End R3;3;3;05:00;da_woon_jung;9;10;05:48;17;40;0;1;1;27;51;0;1;5;50;75;;;;;;;;;;12/07/1993;devin_clark;4;5;04:42;29;53;0;8;10;41;68;0;3;11;93;127;;;;;;;;;;04/12/1990
08:58:47;401520450;UFC Fight Night: Lewis vs. Spivac;05/02/2023;Las Vegas, USA;Da Woon Jung vs. Devin Clark;Light Heavyweight;3 Rnd (5-5-5);in;B;U Dec;End R3;3;3;05:00;da_woon_jung;9;10;05:48;17;40;0;1;1;27;51;0;1;5;50;75;;;;;;;;;;12/07/1993;devin_clark;4;5;04:42;29;53;0;8;10;41;68;0;3;11;93;127;;;;;;;;;;04/12/1990
08:58:52;401520450;UFC Fight Night: Lewis vs. Spivac;05/02/2023;Las Vegas, USA;Da Woon Jung vs. Devin Clark;Light Heavyweight;3 Rnd (5-5-5);in;B;U Dec;End R3;3;3;05:00;da_woon_jung;9;10;05:48;17;40;0;1;1;27;51;0;1;5;50;75;;;;;;;;;;12/07/1993;devin_clark;4;5;04:42;29;53;0;8;10;41;68;0;3;11;93;127;;;;;;;;;;04/12/1990
08:58:58;401520450;UFC Fight Night: Lewis vs. Spivac;05/02/2023;Las Vegas, USA;Da Woon Jung vs. Devin Clark;Light Heavyweight;3 Rnd (5-5-5);in;B;U Dec;End R3;3;3;05:00;da_woon_jung;9;10;05:48;17;40;0;1;1;27;51;0;1;5;50;75;;;;;;;;;;12/07/1993;devin_clark;4;5;04:42;29;53;0;8;10;41;68;0;3;11;93;127;;;;;;;;;;04/12/1990
08:59:03;401520450;UFC Fight Night: Lewis vs. Spivac;05/02/2023;Las Vegas, USA;Da Woon Jung vs. Devin Clark;Light Heavyweight;3 Rnd (5-5-5);in;B;U Dec;End R3;3;3;05:00;da_woon_jung;9;10;05:48;17;40;0;1;1;27;51;0;1;5;50;75;;;;;;;;;;12/07/1993;devin_clark;4;5;04:42;29;53;0;8;10;41;68;0;3;11;93;127;;;;;;;;;;04/12/1990
08:59:08;401520450;UFC Fight Night: Lewis vs. Spivac;05/02/2023;Las Vegas, USA;Da Woon Jung vs. Devin Clark;Light Heavyweight;3 Rnd (5-5-5);in;B;U Dec;End R3;3;3;05:00;da_woon_jung;9;10;05:48;17;40;0;1;1;27;51;0;1;5;50;75;;;;;;;;;;12/07/1993;devin_clark;4;5;04:42;29;53;0;8;10;41;68;0;3;11;93;127;;;;;;;;;;04/12/1990
08:59:14;401520450;UFC Fight Night: Lewis vs. Spivac;05/02/2023;Las Vegas, USA;Da Woon Jung vs. Devin Clark;Light Heavyweight;3 Rnd (5-5-5);in;B;U Dec;End R3;3;3;05:00;da_woon_jung;9;10;05:48;17;40;0;1;1;27;51;0;1;5;50;75;;;;;;;;;;12/07/1993;devin_clark;4;5;04:42;29;53;0;8;10;41;68;0;3;11;93;127;;;;;;;;;;04/12/1990
08:59:20;401520450;UFC Fight Night: Lewis vs. Spivac;05/02/2023;Las Vegas, USA;Da Woon Jung vs. Devin Clark;Light Heavyweight;3 Rnd (5-5-5);post;B;U Dec;Final;-;3;05:00;da_woon_jung;9;10;05:48;17;40;0;1;1;27;51;0;1;5;50;75;;;;;;;;;;12/07/1993;devin_clark;4;5;05:02;29;53;0;8;10;41;68;0;3;11;93;127;;;;;;;;;;04/12/1990
08:59:38;401520450;UFC Fight Night: Lewis vs. Spivac;05/02/2023;Las Vegas, USA;Da Woon Jung vs. Devin Clark;Light Heavyweight;3 Rnd (5-5-5);post;B;U Dec;Final;-;3;05:00;da_woon_jung;9;10;05:48;17;40;0;1;1;27;51;0;1;5;50;75;;;;;;;;;;12/07/1993;devin_clark;4;5;05:02;29;53;0;8;10;41;68;0;3;11;93;127;;;;;;;;;;04/12/1990
08:59:57;401520450;UFC Fight Night: Lewis vs. Spivac;05/02/2023;Las Vegas, USA;Da Woon Jung vs. Devin Clark;Light Heavyweight;3 Rnd (5-5-5);post;B;U Dec;Final;-;3;05:00;da_woon_jung;9;10;05:48;17;40;0;1;1;27;51;0;1;5;50;75;;;;;;;;;;12/07/1993;devin_clark;4;5;05:02;29;53;0;8;10;41;68;0;3;11;93;127;;;;;;;;;;04/12/1990
09:00:15;401520450;UFC Fight Night: Lewis vs. Spivac;05/02/2023;Las Vegas, USA;Da Woon Jung vs. Devin Clark;Light Heavyweight;3 Rnd (5-5-5);post;B;U Dec;Final;-;3;05:00;da_woon_jung;9;10;05:48;17;40;0;1;1;27;51;0;1;5;50;75;;;;;;;;;;12/07/1993;devin_clark;4;5;05:02;29;53;0;8;10;41;68;0;3;11;93;127;;;;;;;;;;04/12/1990
09:00:33;401520450;UFC Fight Night: Lewis vs. Spivac;05/02/2023;Las Vegas, USA;Da Woon Jung vs. Devin Clark;Light Heavyweight;3 Rnd (5-5-5);post;B;U Dec;Final;-;3;05:00;da_woon_jung;9;10;05:48;17;40;0;1;1;27;51;0;1;5;50;75;;;;;;;;;;12/07/1993;devin_clark;4;5;05:02;29;53;0;8;10;41;68;0;3;11;93;127;;;;;;;;;;04/12/1990
